"filename", "language", "C++", "C", "Makefile", "comment", "blank", "total"
"/home/kid-a/homeworks/compiler/lab2/.history/src/defs_20250415122853.h", "C", 0, 77, 0, 0, 18, 95
"/home/kid-a/homeworks/compiler/lab2/.history/src/defs_20250415122857.h", "C", 0, 77, 0, 0, 18, 95
"/home/kid-a/homeworks/compiler/lab2/.history/src/defs_20250415123355.h", "C", 0, 78, 0, 0, 18, 96
"/home/kid-a/homeworks/compiler/lab2/.history/src/defs_20250415123357.h", "C", 0, 78, 0, 0, 18, 96
"/home/kid-a/homeworks/compiler/lab2/.history/src/defs_20250415123400.h", "C", 0, 78, 0, 0, 18, 96
"/home/kid-a/homeworks/compiler/lab2/.history/src/defs_20250415131539.h", "C", 0, 79, 0, 0, 16, 95
"/home/kid-a/homeworks/compiler/lab2/.history/src/defs_20250415131540.h", "C", 0, 78, 0, 0, 17, 95
"/home/kid-a/homeworks/compiler/lab2/.history/src/defs_20250415134034.h", "C", 0, 78, 0, 0, 19, 97
"/home/kid-a/homeworks/compiler/lab2/.history/src/defs_20250415134040.h", "C", 0, 80, 0, 0, 19, 99
"/home/kid-a/homeworks/compiler/lab2/.history/src/defs_20250415134108.h", "C", 0, 80, 0, 0, 19, 99
"/home/kid-a/homeworks/compiler/lab2/.history/src/defs_20250415134109.h", "C", 0, 81, 0, 0, 19, 100
"/home/kid-a/homeworks/compiler/lab2/.history/src/defs_20250415134111.h", "C", 0, 81, 0, 0, 19, 100
"/home/kid-a/homeworks/compiler/lab2/.history/src/defs_20250415134122.h", "C", 0, 82, 0, 0, 18, 100
"/home/kid-a/homeworks/compiler/lab2/.history/src/defs_20250415134137.h", "C", 0, 83, 0, 0, 18, 101
"/home/kid-a/homeworks/compiler/lab2/.history/src/defs_20250415134142.h", "C", 0, 84, 0, 0, 20, 104
"/home/kid-a/homeworks/compiler/lab2/.history/src/defs_20250415134211.h", "C", 0, 86, 0, 0, 20, 106
"/home/kid-a/homeworks/compiler/lab2/.history/src/defs_20250415134213.h", "C", 0, 87, 0, 0, 19, 106
"/home/kid-a/homeworks/compiler/lab2/.history/src/defs_20250415134248.h", "C", 0, 87, 0, 0, 19, 106
"/home/kid-a/homeworks/compiler/lab2/.history/src/defs_20250415134252.h", "C", 0, 87, 0, 0, 19, 106
"/home/kid-a/homeworks/compiler/lab2/.history/src/defs_20250415134257.h", "C", 0, 87, 0, 0, 19, 106
"/home/kid-a/homeworks/compiler/lab2/.history/src/defs_20250415134307.h", "C", 0, 87, 0, 0, 19, 106
"/home/kid-a/homeworks/compiler/lab2/.history/src/defs_20250415134314.h", "C", 0, 87, 0, 0, 19, 106
"/home/kid-a/homeworks/compiler/lab2/.history/src/defs_20250415134318.h", "C", 0, 87, 0, 0, 19, 106
"/home/kid-a/homeworks/compiler/lab2/.history/src/defs_20250415134324.h", "C", 0, 89, 0, 0, 20, 109
"/home/kid-a/homeworks/compiler/lab2/.history/src/defs_20250415134325.h", "C", 0, 89, 0, 0, 21, 110
"/home/kid-a/homeworks/compiler/lab2/.history/src/defs_20250415134333.h", "C", 0, 90, 0, 0, 20, 110
"/home/kid-a/homeworks/compiler/lab2/.history/src/defs_20250415134357.h", "C", 0, 90, 0, 0, 20, 110
"/home/kid-a/homeworks/compiler/lab2/.history/src/defs_20250415134359.h", "C", 0, 90, 0, 0, 20, 110
"/home/kid-a/homeworks/compiler/lab2/.history/src/defs_20250415134536.h", "C", 0, 86, 0, 0, 20, 106
"/home/kid-a/homeworks/compiler/lab2/.history/src/defs_20250415134540.h", "C", 0, 86, 0, 0, 20, 106
"/home/kid-a/homeworks/compiler/lab2/.history/src/defs_20250415134543.h", "C", 0, 86, 0, 0, 20, 106
"/home/kid-a/homeworks/compiler/lab2/.history/src/defs_20250415134550.h", "C", 0, 87, 0, 0, 19, 106
"/home/kid-a/homeworks/compiler/lab2/.history/src/defs_20250415134551.h", "C", 0, 87, 0, 0, 19, 106
"/home/kid-a/homeworks/compiler/lab2/.history/src/defs_20250415134556.h", "C", 0, 87, 0, 0, 19, 106
"/home/kid-a/homeworks/compiler/lab2/.history/src/defs_20250415134639.h", "C", 0, 88, 0, 0, 20, 108
"/home/kid-a/homeworks/compiler/lab2/.history/src/defs_20250415134643.h", "C", 0, 89, 0, 0, 21, 110
"/home/kid-a/homeworks/compiler/lab2/.history/src/defs_20250415134702.h", "C", 0, 90, 0, 0, 20, 110
"/home/kid-a/homeworks/compiler/lab2/.history/src/defs_20250415134703.h", "C", 0, 90, 0, 0, 20, 110
"/home/kid-a/homeworks/compiler/lab2/.history/src/defs_20250415134705.h", "C", 0, 90, 0, 0, 20, 110
"/home/kid-a/homeworks/compiler/lab2/.history/src/defs_20250415134915.h", "C", 0, 90, 0, 0, 22, 112
"/home/kid-a/homeworks/compiler/lab2/.history/src/defs_20250415134921.h", "C", 0, 91, 0, 0, 21, 112
"/home/kid-a/homeworks/compiler/lab2/.history/src/defs_20250415134937.h", "C", 0, 91, 0, 0, 21, 112
"/home/kid-a/homeworks/compiler/lab2/.history/src/defs_20250415134940.h", "C", 0, 91, 0, 0, 22, 113
"/home/kid-a/homeworks/compiler/lab2/.history/src/defs_20250415134942.h", "C", 0, 92, 0, 0, 21, 113
"/home/kid-a/homeworks/compiler/lab2/.history/src/defs_20250415134950.h", "C", 0, 92, 0, 0, 21, 113
"/home/kid-a/homeworks/compiler/lab2/.history/src/defs_20250415141638.h", "C", 0, 95, 0, 0, 23, 118
"/home/kid-a/homeworks/compiler/lab2/.history/src/defs_20250415141642.h", "C", 0, 96, 0, 0, 24, 120
"/home/kid-a/homeworks/compiler/lab2/.history/src/defs_20250415141656.h", "C", 0, 98, 0, 0, 24, 122
"/home/kid-a/homeworks/compiler/lab2/.history/src/defs_20250415141658.h", "C", 0, 99, 0, 0, 25, 124
"/home/kid-a/homeworks/compiler/lab2/.history/src/defs_20250415141700.h", "C", 0, 99, 0, 0, 25, 124
"/home/kid-a/homeworks/compiler/lab2/.history/src/defs_20250415141704.h", "C", 0, 101, 0, 0, 24, 125
"/home/kid-a/homeworks/compiler/lab2/.history/src/defs_20250415141723.h", "C", 0, 101, 0, 0, 24, 125
"/home/kid-a/homeworks/compiler/lab2/.history/src/defs_20250415141730.h", "C", 0, 101, 0, 0, 24, 125
"/home/kid-a/homeworks/compiler/lab2/.history/src/defs_20250415141733.h", "C", 0, 101, 0, 0, 24, 125
"/home/kid-a/homeworks/compiler/lab2/.history/src/defs_20250415141734.h", "C", 0, 102, 0, 0, 23, 125
"/home/kid-a/homeworks/compiler/lab2/.history/src/defs_20250415141739.h", "C", 0, 102, 0, 0, 22, 124
"/home/kid-a/homeworks/compiler/lab2/.history/src/defs_20250415141742.h", "C", 0, 102, 0, 0, 23, 125
"/home/kid-a/homeworks/compiler/lab2/.history/src/defs_20250415141746.h", "C", 0, 102, 0, 0, 23, 125
"/home/kid-a/homeworks/compiler/lab2/.history/src/defs_20250415141747.h", "C", 0, 102, 0, 0, 23, 125
"/home/kid-a/homeworks/compiler/lab2/.history/src/defs_20250415141750.h", "C", 0, 102, 0, 0, 23, 125
"/home/kid-a/homeworks/compiler/lab2/.history/src/defs_20250415141759.h", "C", 0, 103, 0, 0, 24, 127
"/home/kid-a/homeworks/compiler/lab2/.history/src/defs_20250415141802.h", "C", 0, 104, 0, 0, 23, 127
"/home/kid-a/homeworks/compiler/lab2/.history/src/defs_20250415141805.h", "C", 0, 104, 0, 0, 23, 127
"/home/kid-a/homeworks/compiler/lab2/.history/src/defs_20250415141808.h", "C", 0, 104, 0, 0, 23, 127
"/home/kid-a/homeworks/compiler/lab2/.history/src/defs_20250415141813.h", "C", 0, 104, 0, 0, 23, 127
"/home/kid-a/homeworks/compiler/lab2/.history/src/defs_20250415141817.h", "C", 0, 104, 0, 0, 23, 127
"/home/kid-a/homeworks/compiler/lab2/.history/src/defs_20250415141818.h", "C", 0, 104, 0, 0, 23, 127
"/home/kid-a/homeworks/compiler/lab2/.history/src/defs_20250419093406.h", "C", 0, 105, 0, 0, 23, 128
"/home/kid-a/homeworks/compiler/lab2/.history/src/defs_20250419093407.h", "C", 0, 105, 0, 0, 23, 128
"/home/kid-a/homeworks/compiler/lab2/.history/src/defs_20250419093412.h", "C", 0, 105, 0, 0, 23, 128
"/home/kid-a/homeworks/compiler/lab2/.history/src/defs_20250419093502.h", "C", 0, 105, 0, 0, 24, 129
"/home/kid-a/homeworks/compiler/lab2/.history/src/defs_20250419093505.h", "C", 0, 105, 0, 0, 24, 129
"/home/kid-a/homeworks/compiler/lab2/.history/src/defs_20250419093508.h", "C", 0, 106, 0, 0, 23, 129
"/home/kid-a/homeworks/compiler/lab2/.history/src/defs_20250419093509.h", "C", 0, 106, 0, 0, 23, 129
"/home/kid-a/homeworks/compiler/lab2/.history/src/defs_20250419093516.h", "C", 0, 106, 0, 0, 24, 130
"/home/kid-a/homeworks/compiler/lab2/.history/src/defs_20250419093517.h", "C", 0, 107, 0, 0, 23, 130
"/home/kid-a/homeworks/compiler/lab2/.history/src/defs_20250419093524.h", "C", 0, 107, 0, 0, 23, 130
"/home/kid-a/homeworks/compiler/lab2/.history/src/defs_20250419093526.h", "C", 0, 107, 0, 0, 23, 130
"/home/kid-a/homeworks/compiler/lab2/.history/src/defs_20250419093527.h", "C", 0, 107, 0, 0, 23, 130
"/home/kid-a/homeworks/compiler/lab2/.history/src/defs_20250419093612.h", "C", 0, 117, 0, 0, 24, 141
"/home/kid-a/homeworks/compiler/lab2/.history/src/defs_20250419093626.h", "C", 0, 117, 0, 0, 24, 141
"/home/kid-a/homeworks/compiler/lab2/.history/src/defs_20250419093630.h", "C", 0, 117, 0, 0, 24, 141
"/home/kid-a/homeworks/compiler/lab2/.history/src/defs_20250419093631.h", "C", 0, 117, 0, 0, 24, 141
"/home/kid-a/homeworks/compiler/lab2/.history/src/defs_20250419093633.h", "C", 0, 117, 0, 0, 24, 141
"/home/kid-a/homeworks/compiler/lab2/.history/src/defs_20250419093635.h", "C", 0, 117, 0, 0, 24, 141
"/home/kid-a/homeworks/compiler/lab2/.history/src/defs_20250419093653.h", "C", 0, 107, 0, 0, 23, 130
"/home/kid-a/homeworks/compiler/lab2/.history/src/defs_20250419100001.h", "C", 0, 117, 0, 0, 24, 141
"/home/kid-a/homeworks/compiler/lab2/.history/src/defs_20250419100019.h", "C", 0, 129, 0, 0, 25, 154
"/home/kid-a/homeworks/compiler/lab2/.history/src/defs_20250419100034.h", "C", 0, 132, 0, 0, 26, 158
"/home/kid-a/homeworks/compiler/lab2/.history/src/defs_20250419100038.h", "C", 0, 131, 0, 0, 26, 157
"/home/kid-a/homeworks/compiler/lab2/.history/src/defs_20250419100040.h", "C", 0, 130, 0, 0, 26, 156
"/home/kid-a/homeworks/compiler/lab2/.history/src/defs_20250419100052.h", "C", 0, 133, 0, 0, 27, 160
"/home/kid-a/homeworks/compiler/lab2/.history/src/defs_20250419100054.h", "C", 0, 133, 0, 0, 27, 160
"/home/kid-a/homeworks/compiler/lab2/.history/src/defs_20250419100057.h", "C", 0, 132, 0, 0, 27, 159
"/home/kid-a/homeworks/compiler/lab2/.history/src/defs_20250419100101.h", "C", 0, 131, 0, 0, 27, 158
"/home/kid-a/homeworks/compiler/lab2/.history/src/defs_20250419100120.h", "C", 0, 141, 0, 0, 28, 169
"/home/kid-a/homeworks/compiler/lab2/.history/src/defs_20250419100123.h", "C", 0, 141, 0, 0, 28, 169
"/home/kid-a/homeworks/compiler/lab2/.history/src/defs_20250419100126.h", "C", 0, 141, 0, 0, 28, 169
"/home/kid-a/homeworks/compiler/lab2/.history/src/defs_20250419100127.h", "C", 0, 141, 0, 0, 28, 169
"/home/kid-a/homeworks/compiler/lab2/.history/src/defs_20250419100129.h", "C", 0, 141, 0, 0, 28, 169
"/home/kid-a/homeworks/compiler/lab2/.history/src/defs_20250419100134.h", "C", 0, 141, 0, 0, 28, 169
"/home/kid-a/homeworks/compiler/lab2/.history/src/defs_20250419100136.h", "C", 0, 141, 0, 0, 28, 169
"/home/kid-a/homeworks/compiler/lab2/.history/src/defs_20250419100138.h", "C", 0, 141, 0, 0, 28, 169
"/home/kid-a/homeworks/compiler/lab2/.history/src/defs_20250419100141.h", "C", 0, 141, 0, 0, 28, 169
"/home/kid-a/homeworks/compiler/lab2/.history/src/defs_20250419100145.h", "C", 0, 141, 0, 0, 28, 169
"/home/kid-a/homeworks/compiler/lab2/.history/src/defs_20250419100147.h", "C", 0, 141, 0, 0, 28, 169
"/home/kid-a/homeworks/compiler/lab2/.history/src/defs_20250419100201.h", "C", 0, 141, 0, 0, 28, 169
"/home/kid-a/homeworks/compiler/lab2/.history/src/defs_20250419100226.h", "C", 0, 140, 0, 0, 28, 168
"/home/kid-a/homeworks/compiler/lab2/.history/src/defs_20250419100228.h", "C", 0, 140, 0, 0, 28, 168
"/home/kid-a/homeworks/compiler/lab2/.history/src/defs_20250419100232.h", "C", 0, 140, 0, 0, 28, 168
"/home/kid-a/homeworks/compiler/lab2/.history/src/defs_20250419100233.h", "C", 0, 140, 0, 0, 28, 168
"/home/kid-a/homeworks/compiler/lab2/.history/src/defs_20250419100253.h", "C", 0, 140, 0, 0, 30, 170
"/home/kid-a/homeworks/compiler/lab2/.history/src/defs_20250419100258.h", "C", 0, 141, 0, 0, 29, 170
"/home/kid-a/homeworks/compiler/lab2/.history/src/defs_20250419100301.h", "C", 0, 141, 0, 0, 29, 170
"/home/kid-a/homeworks/compiler/lab2/.history/src/defs_20250419100306.h", "C", 0, 141, 0, 0, 29, 170
"/home/kid-a/homeworks/compiler/lab2/.history/src/defs_20250419100315.h", "C", 0, 141, 0, 0, 29, 170
"/home/kid-a/homeworks/compiler/lab2/.history/src/defs_20250419100318.h", "C", 0, 141, 0, 0, 29, 170
"/home/kid-a/homeworks/compiler/lab2/.history/src/defs_20250419102349.h", "C", 0, 141, 0, 0, 30, 171
"/home/kid-a/homeworks/compiler/lab2/.history/src/defs_20250419102353.h", "C", 0, 142, 0, 0, 29, 171
"/home/kid-a/homeworks/compiler/lab2/.history/src/defs_20250419102355.h", "C", 0, 143, 0, 0, 29, 172
"/home/kid-a/homeworks/compiler/lab2/.history/src/defs_20250419102400.h", "C", 0, 144, 0, 0, 29, 173
"/home/kid-a/homeworks/compiler/lab2/.history/src/defs_20250419102403.h", "C", 0, 144, 0, 0, 29, 173
"/home/kid-a/homeworks/compiler/lab2/.history/src/defs_20250419102407.h", "C", 0, 144, 0, 0, 29, 173
"/home/kid-a/homeworks/compiler/lab2/.history/src/defs_20250419102412.h", "C", 0, 144, 0, 0, 29, 173
"/home/kid-a/homeworks/compiler/lab2/.history/src/defs_20250419102415.h", "C", 0, 144, 0, 0, 29, 173
"/home/kid-a/homeworks/compiler/lab2/.history/src/defs_20250419102418.h", "C", 0, 144, 0, 0, 29, 173
"/home/kid-a/homeworks/compiler/lab2/.history/src/defs_20250419102421.h", "C", 0, 144, 0, 0, 29, 173
"/home/kid-a/homeworks/compiler/lab2/.history/src/defs_20250419102523.h", "C", 0, 144, 0, 0, 29, 173
"/home/kid-a/homeworks/compiler/lab2/.history/src/defs_20250419102530.h", "C", 0, 144, 0, 0, 29, 173
"/home/kid-a/homeworks/compiler/lab2/.history/src/defs_20250419102543.h", "C", 0, 143, 0, 0, 29, 172
"/home/kid-a/homeworks/compiler/lab2/.history/src/defs_20250419102546.h", "C", 0, 143, 0, 0, 29, 172
"/home/kid-a/homeworks/compiler/lab2/.history/src/defs_20250419102549.h", "C", 0, 143, 0, 0, 29, 172
"/home/kid-a/homeworks/compiler/lab2/.history/src/defs_20250419110544.h", "C", 0, 143, 0, 0, 31, 174
"/home/kid-a/homeworks/compiler/lab2/.history/src/defs_20250419110639.h", "C", 0, 143, 0, 0, 29, 172
"/home/kid-a/homeworks/compiler/lab2/.history/src/defs_20250419110916.h", "C", 0, 147, 0, 0, 29, 176
"/home/kid-a/homeworks/compiler/lab2/.history/src/defs_20250419113039.h", "C", 0, 147, 0, 0, 31, 178
"/home/kid-a/homeworks/compiler/lab2/.history/src/defs_20250419113047.h", "C", 0, 149, 0, 0, 31, 180
"/home/kid-a/homeworks/compiler/lab2/.history/src/defs_20250419113056.h", "C", 0, 150, 0, 0, 31, 181
"/home/kid-a/homeworks/compiler/lab2/.history/src/defs_20250419113100.h", "C", 0, 150, 0, 0, 31, 181
"/home/kid-a/homeworks/compiler/lab2/.history/src/defs_20250419113103.h", "C", 0, 150, 0, 0, 31, 181
"/home/kid-a/homeworks/compiler/lab2/.history/src/defs_20250419113104.h", "C", 0, 150, 0, 0, 31, 181
"/home/kid-a/homeworks/compiler/lab2/.history/src/defs_20250419113108.h", "C", 0, 152, 0, 0, 31, 183
"/home/kid-a/homeworks/compiler/lab2/.history/src/defs_20250419113120.h", "C", 0, 152, 0, 0, 31, 183
"/home/kid-a/homeworks/compiler/lab2/.history/src/defs_20250419113121.h", "C", 0, 152, 0, 0, 31, 183
"/home/kid-a/homeworks/compiler/lab2/.history/src/defs_20250419113122.h", "C", 0, 152, 0, 0, 31, 183
"/home/kid-a/homeworks/compiler/lab2/.history/src/defs_20250419113126.h", "C", 0, 152, 0, 0, 31, 183
"/home/kid-a/homeworks/compiler/lab2/.history/src/defs_20250419113128.h", "C", 0, 152, 0, 0, 31, 183
"/home/kid-a/homeworks/compiler/lab2/.history/src/defs_20250419113132.h", "C", 0, 152, 0, 0, 31, 183
"/home/kid-a/homeworks/compiler/lab2/.history/src/defs_20250419113139.h", "C", 0, 152, 0, 0, 31, 183
"/home/kid-a/homeworks/compiler/lab2/.history/src/defs_20250419113154.h", "C", 0, 152, 0, 0, 31, 183
"/home/kid-a/homeworks/compiler/lab2/.history/src/defs_20250419113213.h", "C", 0, 152, 0, 0, 31, 183
"/home/kid-a/homeworks/compiler/lab2/.history/src/defs_20250419113214.h", "C", 0, 152, 0, 0, 31, 183
"/home/kid-a/homeworks/compiler/lab2/.history/src/defs_20250419113217.h", "C", 0, 153, 0, 0, 32, 185
"/home/kid-a/homeworks/compiler/lab2/.history/src/defs_20250419113239.h", "C", 0, 154, 0, 0, 32, 186
"/home/kid-a/homeworks/compiler/lab2/.history/src/defs_20250419113244.h", "C", 0, 155, 0, 0, 33, 188
"/home/kid-a/homeworks/compiler/lab2/.history/src/defs_20250419113303.h", "C", 0, 157, 0, 0, 32, 189
"/home/kid-a/homeworks/compiler/lab2/.history/src/defs_20250419113304.h", "C", 0, 157, 0, 0, 32, 189
"/home/kid-a/homeworks/compiler/lab2/.history/src/defs_20250419113306.h", "C", 0, 157, 0, 0, 32, 189
"/home/kid-a/homeworks/compiler/lab2/.history/src/defs_20250419113309.h", "C", 0, 157, 0, 0, 32, 189
"/home/kid-a/homeworks/compiler/lab2/.history/src/defs_20250419113313.h", "C", 0, 158, 0, 0, 32, 190
"/home/kid-a/homeworks/compiler/lab2/.history/src/defs_20250419113315.h", "C", 0, 158, 0, 0, 32, 190
"/home/kid-a/homeworks/compiler/lab2/.history/src/defs_20250419113324.h", "C", 0, 159, 0, 0, 31, 190
"/home/kid-a/homeworks/compiler/lab2/.history/src/defs_20250419113328.h", "C", 0, 159, 0, 0, 31, 190
"/home/kid-a/homeworks/compiler/lab2/.history/src/defs_20250419113331.h", "C", 0, 159, 0, 0, 31, 190
"/home/kid-a/homeworks/compiler/lab2/.history/src/defs_20250419113335.h", "C", 0, 159, 0, 0, 30, 189
"/home/kid-a/homeworks/compiler/lab2/.history/src/defs_20250419113343.h", "C", 0, 159, 0, 0, 30, 189
"/home/kid-a/homeworks/compiler/lab2/.history/src/defs_20250419113350.h", "C", 0, 159, 0, 0, 30, 189
"/home/kid-a/homeworks/compiler/lab2/.history/src/defs_20250419114148.h", "C", 0, 160, 0, 0, 29, 189
"/home/kid-a/homeworks/compiler/lab2/.history/src/defs_20250419114151.h", "C", 0, 160, 0, 0, 29, 189
"/home/kid-a/homeworks/compiler/lab2/.history/src/defs_20250419114228.h", "C", 0, 163, 0, 0, 30, 193
"/home/kid-a/homeworks/compiler/lab2/.history/src/defs_20250419114229.h", "C", 0, 163, 0, 0, 30, 193
"/home/kid-a/homeworks/compiler/lab2/.history/src/defs_20250419114234.h", "C", 0, 163, 0, 0, 30, 193
"/home/kid-a/homeworks/compiler/lab2/.history/src/defs_20250419114416.h", "C", 0, 163, 0, 0, 30, 193
"/home/kid-a/homeworks/compiler/lab2/.history/src/defs_20250419114611.h", "C", 0, 163, 0, 0, 30, 193
"/home/kid-a/homeworks/compiler/lab2/.history/src/defs_20250419114614.h", "C", 0, 163, 0, 0, 30, 193
"/home/kid-a/homeworks/compiler/lab2/.history/src/defs_20250419114615.h", "C", 0, 163, 0, 0, 30, 193
"/home/kid-a/homeworks/compiler/lab2/.history/src/defs_20250419114618.h", "C", 0, 163, 0, 0, 30, 193
"/home/kid-a/homeworks/compiler/lab2/.history/src/defs_20250419114627.h", "C", 0, 163, 0, 0, 30, 193
"/home/kid-a/homeworks/compiler/lab2/.history/src/defs_20250419115218.h", "C", 0, 163, 0, 0, 30, 193
"/home/kid-a/homeworks/compiler/lab2/.history/src/defs_20250419115227.h", "C", 0, 159, 0, 0, 30, 189
"/home/kid-a/homeworks/compiler/lab2/.history/src/defs_20250419122220.h", "C", 0, 159, 0, 0, 30, 189
"/home/kid-a/homeworks/compiler/lab2/.history/src/defs_20250419123014.h", "C", 0, 159, 0, 0, 30, 189
"/home/kid-a/homeworks/compiler/lab2/.history/src/defs_20250419123017.h", "C", 0, 159, 0, 0, 30, 189
"/home/kid-a/homeworks/compiler/lab2/.history/src/defs_20250419123025.h", "C", 0, 159, 0, 0, 30, 189
"/home/kid-a/homeworks/compiler/lab2/.history/src/defs_20250419123053.h", "C", 0, 159, 0, 0, 30, 189
"/home/kid-a/homeworks/compiler/lab2/.history/src/defs_20250419132113.h", "C", 0, 160, 0, 0, 30, 190
"/home/kid-a/homeworks/compiler/lab2/.history/src/defs_20250419132223.h", "C", 0, 160, 0, 0, 30, 190
"/home/kid-a/homeworks/compiler/lab2/.history/src/defs_20250419132224.h", "C", 0, 160, 0, 0, 30, 190
"/home/kid-a/homeworks/compiler/lab2/.history/src/defs_20250419132232.h", "C", 0, 160, 0, 0, 30, 190
"/home/kid-a/homeworks/compiler/lab2/.history/src/defs_20250419132242.h", "C", 0, 160, 0, 0, 30, 190
"/home/kid-a/homeworks/compiler/lab2/.history/src/defs_20250419132244.h", "C", 0, 160, 0, 0, 30, 190
"/home/kid-a/homeworks/compiler/lab2/.history/src/defs_20250419132253.h", "C", 0, 160, 0, 0, 30, 190
"/home/kid-a/homeworks/compiler/lab2/.history/src/defs_20250419132400.h", "C", 0, 159, 0, 0, 30, 189
"/home/kid-a/homeworks/compiler/lab2/.history/src/defs_20250419132401.h", "C", 0, 159, 0, 0, 30, 189
"/home/kid-a/homeworks/compiler/lab2/.history/src/defs_20250419132413.h", "C", 0, 231, 0, 3, 44, 278
"/home/kid-a/homeworks/compiler/lab2/.history/src/defs_20250419132417.h", "C", 0, 231, 0, 2, 44, 277
"/home/kid-a/homeworks/compiler/lab2/.history/src/defs_20250419132419.h", "C", 0, 231, 0, 2, 45, 278
"/home/kid-a/homeworks/compiler/lab2/.history/src/defs_20250419132421.h", "C", 0, 159, 0, 0, 32, 191
"/home/kid-a/homeworks/compiler/lab2/.history/src/defs_20250419132428.h", "C", 0, 197, 0, 0, 35, 232
"/home/kid-a/homeworks/compiler/lab2/.history/src/defs_20250419132439.h", "C", 0, 197, 0, 0, 35, 232
"/home/kid-a/homeworks/compiler/lab2/.history/src/defs_20250419132443.h", "C", 0, 197, 0, 0, 35, 232
"/home/kid-a/homeworks/compiler/lab2/.history/src/defs_20250419132451.h", "C", 0, 197, 0, 0, 35, 232
"/home/kid-a/homeworks/compiler/lab2/.history/src/defs_20250419132453.h", "C", 0, 197, 0, 0, 35, 232
"/home/kid-a/homeworks/compiler/lab2/.history/src/defs_20250419132456.h", "C", 0, 197, 0, 0, 35, 232
"/home/kid-a/homeworks/compiler/lab2/.history/src/defs_20250419132457.h", "C", 0, 197, 0, 0, 35, 232
"/home/kid-a/homeworks/compiler/lab2/.history/src/defs_20250419132501.h", "C", 0, 197, 0, 0, 35, 232
"/home/kid-a/homeworks/compiler/lab2/.history/src/defs_20250419132503.h", "C", 0, 197, 0, 0, 35, 232
"/home/kid-a/homeworks/compiler/lab2/.history/src/defs_20250419132507.h", "C", 0, 197, 0, 0, 35, 232
"/home/kid-a/homeworks/compiler/lab2/.history/src/defs_20250419132509.h", "C", 0, 197, 0, 0, 35, 232
"/home/kid-a/homeworks/compiler/lab2/.history/src/defs_20250419132514.h", "C", 0, 197, 0, 0, 35, 232
"/home/kid-a/homeworks/compiler/lab2/.history/src/defs_20250419132519.h", "C", 0, 197, 0, 0, 35, 232
"/home/kid-a/homeworks/compiler/lab2/.history/src/defs_20250419132523.h", "C", 0, 197, 0, 0, 35, 232
"/home/kid-a/homeworks/compiler/lab2/.history/src/defs_20250419132527.h", "C", 0, 197, 0, 0, 35, 232
"/home/kid-a/homeworks/compiler/lab2/.history/src/defs_20250419132530.h", "C", 0, 197, 0, 0, 35, 232
"/home/kid-a/homeworks/compiler/lab2/.history/src/defs_20250419132532.h", "C", 0, 197, 0, 0, 35, 232
"/home/kid-a/homeworks/compiler/lab2/.history/src/defs_20250419132535.h", "C", 0, 197, 0, 0, 35, 232
"/home/kid-a/homeworks/compiler/lab2/.history/src/defs_20250419132536.h", "C", 0, 197, 0, 0, 35, 232
"/home/kid-a/homeworks/compiler/lab2/.history/src/defs_20250419132539.h", "C", 0, 197, 0, 0, 35, 232
"/home/kid-a/homeworks/compiler/lab2/.history/src/defs_20250419132547.h", "C", 0, 197, 0, 0, 35, 232
"/home/kid-a/homeworks/compiler/lab2/.history/src/defs_20250419132556.h", "C", 0, 197, 0, 0, 35, 232
"/home/kid-a/homeworks/compiler/lab2/.history/src/defs_20250419132558.h", "C", 0, 197, 0, 0, 35, 232
"/home/kid-a/homeworks/compiler/lab2/.history/src/defs_20250419132601.h", "C", 0, 197, 0, 0, 35, 232
"/home/kid-a/homeworks/compiler/lab2/.history/src/defs_20250419132603.h", "C", 0, 197, 0, 0, 35, 232
"/home/kid-a/homeworks/compiler/lab2/.history/src/defs_20250419133239.h", "C", 0, 197, 0, 0, 35, 232
"/home/kid-a/homeworks/compiler/lab2/.history/src/defs_20250419133241.h", "C", 0, 197, 0, 0, 35, 232
"/home/kid-a/homeworks/compiler/lab2/.history/src/defs_20250419133244.h", "C", 0, 197, 0, 0, 35, 232
"/home/kid-a/homeworks/compiler/lab2/.history/src/defs_20250419133245.h", "C", 0, 197, 0, 0, 35, 232
"/home/kid-a/homeworks/compiler/lab2/.history/src/defs_20250419133250.h", "C", 0, 197, 0, 0, 35, 232
"/home/kid-a/homeworks/compiler/lab2/.history/src/defs_20250419133252.h", "C", 0, 197, 0, 0, 35, 232
"/home/kid-a/homeworks/compiler/lab2/.history/src/defs_20250419133256.h", "C", 0, 197, 0, 0, 35, 232
"/home/kid-a/homeworks/compiler/lab2/.history/src/defs_20250419133259.h", "C", 0, 197, 0, 0, 35, 232
"/home/kid-a/homeworks/compiler/lab2/.history/src/defs_20250419133303.h", "C", 0, 197, 0, 0, 35, 232
"/home/kid-a/homeworks/compiler/lab2/.history/src/defs_20250419133307.h", "C", 0, 197, 0, 0, 35, 232
"/home/kid-a/homeworks/compiler/lab2/.history/src/defs_20250419133309.h", "C", 0, 197, 0, 0, 35, 232
"/home/kid-a/homeworks/compiler/lab2/.history/src/defs_20250419133311.h", "C", 0, 197, 0, 0, 35, 232
"/home/kid-a/homeworks/compiler/lab2/.history/src/defs_20250419133315.h", "C", 0, 197, 0, 0, 35, 232
"/home/kid-a/homeworks/compiler/lab2/.history/src/defs_20250419133318.h", "C", 0, 197, 0, 0, 35, 232
"/home/kid-a/homeworks/compiler/lab2/.history/src/defs_20250419133321.h", "C", 0, 197, 0, 0, 35, 232
"/home/kid-a/homeworks/compiler/lab2/.history/src/defs_20250419133324.h", "C", 0, 197, 0, 0, 35, 232
"/home/kid-a/homeworks/compiler/lab2/.history/src/defs_20250419133329.h", "C", 0, 197, 0, 0, 35, 232
"/home/kid-a/homeworks/compiler/lab2/.history/src/defs_20250419133333.h", "C", 0, 197, 0, 0, 35, 232
"/home/kid-a/homeworks/compiler/lab2/.history/src/defs_20250419133336.h", "C", 0, 197, 0, 0, 35, 232
"/home/kid-a/homeworks/compiler/lab2/.history/src/defs_20250419133340.h", "C", 0, 197, 0, 0, 35, 232
"/home/kid-a/homeworks/compiler/lab2/.history/src/defs_20250419133346.h", "C", 0, 197, 0, 0, 35, 232
"/home/kid-a/homeworks/compiler/lab2/.history/src/defs_20250419133351.h", "C", 0, 197, 0, 0, 35, 232
"/home/kid-a/homeworks/compiler/lab2/.history/src/defs_20250419154710.h", "C", 0, 198, 0, 0, 35, 233
"/home/kid-a/homeworks/compiler/lab2/.history/src/defs_20250419154739.h", "C", 0, 199, 0, 0, 36, 235
"/home/kid-a/homeworks/compiler/lab2/.history/src/defs_20250419154749.h", "C", 0, 201, 0, 0, 36, 237
"/home/kid-a/homeworks/compiler/lab2/.history/src/defs_20250419154752.h", "C", 0, 201, 0, 0, 36, 237
"/home/kid-a/homeworks/compiler/lab2/.history/src/defs_20250419154755.h", "C", 0, 201, 0, 0, 36, 237
"/home/kid-a/homeworks/compiler/lab2/.history/src/defs_20250419154758.h", "C", 0, 201, 0, 0, 36, 237
"/home/kid-a/homeworks/compiler/lab2/.history/src/defs_20250419154800.h", "C", 0, 201, 0, 0, 36, 237
"/home/kid-a/homeworks/compiler/lab2/.history/src/defs_20250419154806.h", "C", 0, 201, 0, 0, 36, 237
"/home/kid-a/homeworks/compiler/lab2/.history/src/defs_20250419154811.h", "C", 0, 201, 0, 0, 36, 237
"/home/kid-a/homeworks/compiler/lab2/.history/src/defs_20250419154817.h", "C", 0, 201, 0, 0, 36, 237
"/home/kid-a/homeworks/compiler/lab2/.history/src/defs_20250419154818.h", "C", 0, 201, 0, 0, 36, 237
"/home/kid-a/homeworks/compiler/lab2/.history/src/defs_20250419160051.h", "C", 0, 204, 0, 0, 37, 241
"/home/kid-a/homeworks/compiler/lab2/.history/src/defs_20250419160054.h", "C", 0, 204, 0, 0, 37, 241
"/home/kid-a/homeworks/compiler/lab2/.history/src/defs_20250419160058.h", "C", 0, 204, 0, 0, 37, 241
"/home/kid-a/homeworks/compiler/lab2/.history/src/ll1_20250415122713.cpp", "C++", 201, 0, 0, 36, 38, 275
"/home/kid-a/homeworks/compiler/lab2/.history/src/ll1_20250415122717.cpp", "C++", 278, 0, 0, 43, 48, 369
"/home/kid-a/homeworks/compiler/lab2/.history/src/ll1_20250415122815.cpp", "C++", 253, 0, 0, 68, 48, 369
"/home/kid-a/homeworks/compiler/lab2/.history/src/ll1_20250415122817.cpp", "C++", 311, 0, 0, 76, 55, 442
"/home/kid-a/homeworks/compiler/lab2/.history/src/ll1_20250415122823.cpp", "C++", 311, 0, 0, 75, 55, 441
"/home/kid-a/homeworks/compiler/lab2/.history/src/ll1_20250415122825.cpp", "C++", 304, 0, 0, 75, 56, 435
"/home/kid-a/homeworks/compiler/lab2/.history/src/ll1_20250415122827.cpp", "C++", 304, 0, 0, 74, 54, 432
"/home/kid-a/homeworks/compiler/lab2/.history/src/ll1_20250415122833.cpp", "C++", 304, 0, 0, 73, 54, 431
"/home/kid-a/homeworks/compiler/lab2/.history/src/ll1_20250415122835.cpp", "C++", 304, 0, 0, 71, 54, 429
"/home/kid-a/homeworks/compiler/lab2/.history/src/ll1_20250415122837.cpp", "C++", 304, 0, 0, 70, 54, 428
"/home/kid-a/homeworks/compiler/lab2/.history/src/ll1_20250415122840.cpp", "C++", 304, 0, 0, 69, 54, 427
"/home/kid-a/homeworks/compiler/lab2/.history/src/ll1_20250415122939.cpp", "C++", 311, 0, 0, 69, 55, 435
"/home/kid-a/homeworks/compiler/lab2/.history/src/ll1_20250415123016.cpp", "C++", 278, 0, 0, 43, 48, 369
"/home/kid-a/homeworks/compiler/lab2/.history/src/ll1_20250415123019.cpp", "C++", 234, 0, 0, 3, 38, 275
"/home/kid-a/homeworks/compiler/lab2/.history/src/ll1_20250415123110.cpp", "C++", 234, 0, 0, 3, 38, 275
"/home/kid-a/homeworks/compiler/lab2/.history/src/ll1_20250415123133.cpp", "C++", 234, 0, 0, 3, 39, 276
"/home/kid-a/homeworks/compiler/lab2/.history/src/ll1_20250415123135.cpp", "C++", 234, 0, 0, 3, 38, 275
"/home/kid-a/homeworks/compiler/lab2/.history/src/ll1_20250415123140.cpp", "C++", 235, 0, 0, 3, 38, 276
"/home/kid-a/homeworks/compiler/lab2/.history/src/ll1_20250415123141.cpp", "C++", 235, 0, 0, 3, 38, 276
"/home/kid-a/homeworks/compiler/lab2/.history/src/ll1_20250415123205.cpp", "C++", 235, 0, 0, 3, 39, 277
"/home/kid-a/homeworks/compiler/lab2/.history/src/ll1_20250415123212.cpp", "C++", 236, 0, 0, 3, 38, 277
"/home/kid-a/homeworks/compiler/lab2/.history/src/ll1_20250415123251.cpp", "C++", 236, 0, 0, 3, 38, 277
"/home/kid-a/homeworks/compiler/lab2/.history/src/ll1_20250415123255.cpp", "C++", 236, 0, 0, 3, 38, 277
"/home/kid-a/homeworks/compiler/lab2/.history/src/ll1_20250415123412.cpp", "C++", 236, 0, 0, 3, 38, 277
"/home/kid-a/homeworks/compiler/lab2/.history/src/ll1_20250415123414.cpp", "C++", 236, 0, 0, 3, 38, 277
"/home/kid-a/homeworks/compiler/lab2/.history/src/ll1_20250415123421.cpp", "C++", 236, 0, 0, 3, 38, 277
"/home/kid-a/homeworks/compiler/lab2/.history/src/ll1_20250415123423.cpp", "C++", 236, 0, 0, 3, 38, 277
"/home/kid-a/homeworks/compiler/lab2/.history/src/ll1_20250415123428.cpp", "C++", 236, 0, 0, 3, 38, 277
"/home/kid-a/homeworks/compiler/lab2/.history/src/ll1_20250415123441.cpp", "C++", 236, 0, 0, 3, 38, 277
"/home/kid-a/homeworks/compiler/lab2/.history/src/ll1_20250415123443.cpp", "C++", 236, 0, 0, 3, 38, 277
"/home/kid-a/homeworks/compiler/lab2/.history/src/ll1_20250415123450.cpp", "C++", 236, 0, 0, 3, 38, 277
"/home/kid-a/homeworks/compiler/lab2/.history/src/ll1_20250415123452.cpp", "C++", 236, 0, 0, 3, 38, 277
"/home/kid-a/homeworks/compiler/lab2/.history/src/ll1_20250415123453.cpp", "C++", 236, 0, 0, 3, 38, 277
"/home/kid-a/homeworks/compiler/lab2/.history/src/ll1_20250415123519.cpp", "C++", 236, 0, 0, 3, 38, 277
"/home/kid-a/homeworks/compiler/lab2/.history/src/ll1_20250415123524.cpp", "C++", 236, 0, 0, 3, 38, 277
"/home/kid-a/homeworks/compiler/lab2/.history/src/ll1_20250415124001.hpp", "C++", 24, 0, 0, 6, 8, 38
"/home/kid-a/homeworks/compiler/lab2/.history/src/lr_20250414113152.cpp", "C++", 0, 0, 0, 0, 1, 1
"/home/kid-a/homeworks/compiler/lab2/.history/src/lr_20250414113157.hpp", "C++", 0, 0, 0, 0, 1, 1
"/home/kid-a/homeworks/compiler/lab2/.history/src/lr_20250415131811.hpp", "C++", 1, 0, 0, 0, 0, 1
"/home/kid-a/homeworks/compiler/lab2/.history/src/lr_20250415131812.hpp", "C++", 1, 0, 0, 0, 2, 3
"/home/kid-a/homeworks/compiler/lab2/.history/src/lr_20250415131819.hpp", "C++", 2, 0, 0, 0, 1, 3
"/home/kid-a/homeworks/compiler/lab2/.history/src/lr_20250415131822.hpp", "C++", 3, 0, 0, 0, 2, 5
"/home/kid-a/homeworks/compiler/lab2/.history/src/lr_20250415133537.hpp", "C++", 3, 0, 0, 0, 4, 7
"/home/kid-a/homeworks/compiler/lab2/.history/src/lr_20250415133544.hpp", "C++", 5, 0, 0, 0, 4, 9
"/home/kid-a/homeworks/compiler/lab2/.history/src/lr_20250415133549.hpp", "C++", 5, 0, 0, 0, 4, 9
"/home/kid-a/homeworks/compiler/lab2/.history/src/lr_20250415133556.hpp", "C++", 5, 0, 0, 0, 5, 10
"/home/kid-a/homeworks/compiler/lab2/.history/src/lr_20250415133559.hpp", "C++", 5, 0, 0, 0, 5, 10
"/home/kid-a/homeworks/compiler/lab2/.history/src/lr_20250415133601.hpp", "C++", 6, 0, 0, 0, 4, 10
"/home/kid-a/homeworks/compiler/lab2/.history/src/lr_20250415133611.hpp", "C++", 6, 0, 0, 0, 4, 10
"/home/kid-a/homeworks/compiler/lab2/.history/src/lr_20250415133612.hpp", "C++", 6, 0, 0, 0, 4, 10
"/home/kid-a/homeworks/compiler/lab2/.history/src/lr_20250415133614.hpp", "C++", 6, 0, 0, 0, 5, 11
"/home/kid-a/homeworks/compiler/lab2/.history/src/lr_20250415133617.hpp", "C++", 7, 0, 0, 0, 3, 10
"/home/kid-a/homeworks/compiler/lab2/.history/src/lr_20250415133622.hpp", "C++", 7, 0, 0, 0, 3, 10
"/home/kid-a/homeworks/compiler/lab2/.history/src/lr_20250415133626.hpp", "C++", 7, 0, 0, 0, 3, 10
"/home/kid-a/homeworks/compiler/lab2/.history/src/lr_20250415133727.hpp", "C++", 7, 0, 0, 0, 4, 11
"/home/kid-a/homeworks/compiler/lab2/.history/src/lr_20250415134615.hpp", "C++", 8, 0, 0, 0, 3, 11
"/home/kid-a/homeworks/compiler/lab2/.history/src/lr_20250415134617.hpp", "C++", 8, 0, 0, 0, 3, 11
"/home/kid-a/homeworks/compiler/lab2/.history/src/lr_20250415134619.hpp", "C++", 9, 0, 0, 0, 3, 12
"/home/kid-a/homeworks/compiler/lab2/.history/src/lr_20250415134623.hpp", "C++", 9, 0, 0, 0, 3, 12
"/home/kid-a/homeworks/compiler/lab2/.history/src/lr_20250415134629.hpp", "C++", 9, 0, 0, 0, 3, 12
"/home/kid-a/homeworks/compiler/lab2/.history/src/lr_20250415134631.hpp", "C++", 9, 0, 0, 0, 3, 12
"/home/kid-a/homeworks/compiler/lab2/.history/src/lr_20250415140923.hpp", "C++", 10, 0, 0, 0, 3, 13
"/home/kid-a/homeworks/compiler/lab2/.history/src/lr_20250415140928.hpp", "C++", 10, 0, 0, 0, 3, 13
"/home/kid-a/homeworks/compiler/lab2/.history/src/lr_20250415140932.hpp", "C++", 10, 0, 0, 0, 4, 14
"/home/kid-a/homeworks/compiler/lab2/.history/src/lr_20250415141259.hpp", "C++", 11, 0, 0, 0, 3, 14
"/home/kid-a/homeworks/compiler/lab2/.history/src/lr_20250415141312.hpp", "C++", 11, 0, 0, 0, 3, 14
"/home/kid-a/homeworks/compiler/lab2/.history/src/lr_20250415141314.hpp", "C++", 12, 0, 0, 0, 3, 15
"/home/kid-a/homeworks/compiler/lab2/.history/src/lr_20250415141318.hpp", "C++", 12, 0, 0, 0, 3, 15
"/home/kid-a/homeworks/compiler/lab2/.history/src/lr_20250415141320.hpp", "C++", 12, 0, 0, 0, 3, 15
"/home/kid-a/homeworks/compiler/lab2/.history/src/lr_20250415141338.hpp", "C++", 12, 0, 0, 0, 3, 15
"/home/kid-a/homeworks/compiler/lab2/.history/src/lr_20250415141341.hpp", "C++", 12, 0, 0, 0, 3, 15
"/home/kid-a/homeworks/compiler/lab2/.history/src/lr_20250415141549.hpp", "C++", 13, 0, 0, 0, 3, 16
"/home/kid-a/homeworks/compiler/lab2/.history/src/lr_20250415141551.hpp", "C++", 13, 0, 0, 0, 3, 16
"/home/kid-a/homeworks/compiler/lab2/.history/src/lr_20250415141554.hpp", "C++", 13, 0, 0, 0, 3, 16
"/home/kid-a/homeworks/compiler/lab2/.history/src/lr_20250415141559.hpp", "C++", 13, 0, 0, 0, 5, 18
"/home/kid-a/homeworks/compiler/lab2/.history/src/lr_20250415141601.hpp", "C++", 13, 0, 0, 0, 5, 18
"/home/kid-a/homeworks/compiler/lab2/.history/src/lr_20250415141607.hpp", "C++", 15, 0, 0, 0, 4, 19
"/home/kid-a/homeworks/compiler/lab2/.history/src/lr_20250415141610.hpp", "C++", 13, 0, 0, 0, 5, 18
"/home/kid-a/homeworks/compiler/lab2/.history/src/lr_20250415141612.hpp", "C++", 13, 0, 0, 0, 3, 16
"/home/kid-a/homeworks/compiler/lab2/.history/src/lr_20250415142623.cpp", "C++", 1, 0, 0, 0, 2, 3
"/home/kid-a/homeworks/compiler/lab2/.history/src/lr_20250419093231.hpp", "C++", 0, 0, 0, 13, 3, 16
"/home/kid-a/homeworks/compiler/lab2/.history/src/lr_20250419093234.hpp", "C++", 22, 0, 0, 20, 7, 49
"/home/kid-a/homeworks/compiler/lab2/.history/src/lr_20250419093239.hpp", "C++", 22, 0, 0, 7, 5, 34
"/home/kid-a/homeworks/compiler/lab2/.history/src/lr_20250419093240.hpp", "C++", 22, 0, 0, 7, 3, 32
"/home/kid-a/homeworks/compiler/lab2/.history/src/lr_20250419093247.hpp", "C++", 22, 0, 0, 3, 3, 28
"/home/kid-a/homeworks/compiler/lab2/.history/src/lr_20250419093249.hpp", "C++", 22, 0, 0, 2, 3, 27
"/home/kid-a/homeworks/compiler/lab2/.history/src/lr_20250419093254.hpp", "C++", 22, 0, 0, 2, 4, 28
"/home/kid-a/homeworks/compiler/lab2/.history/src/lr_20250419093257.hpp", "C++", 22, 0, 0, 2, 7, 31
"/home/kid-a/homeworks/compiler/lab2/.history/src/lr_20250419093315.hpp", "C++", 22, 0, 0, 0, 7, 29
"/home/kid-a/homeworks/compiler/lab2/.history/src/lr_20250419093330.cpp", "C++", 166, 0, 0, 14, 24, 204
"/home/kid-a/homeworks/compiler/lab2/.history/src/lr_20250419093359.cpp", "C++", 165, 0, 0, 14, 23, 202
"/home/kid-a/homeworks/compiler/lab2/.history/src/lr_20250419093400.cpp", "C++", 163, 0, 0, 14, 24, 201
"/home/kid-a/homeworks/compiler/lab2/.history/src/lr_20250419093417.cpp", "C++", 163, 0, 0, 13, 24, 200
"/home/kid-a/homeworks/compiler/lab2/.history/src/lr_20250419093420.cpp", "C++", 163, 0, 0, 12, 24, 199
"/home/kid-a/homeworks/compiler/lab2/.history/src/lr_20250419093423.cpp", "C++", 163, 0, 0, 11, 24, 198
"/home/kid-a/homeworks/compiler/lab2/.history/src/lr_20250419093424.cpp", "C++", 163, 0, 0, 10, 24, 197
"/home/kid-a/homeworks/compiler/lab2/.history/src/lr_20250419093426.cpp", "C++", 163, 0, 0, 9, 24, 196
"/home/kid-a/homeworks/compiler/lab2/.history/src/lr_20250419093428.cpp", "C++", 163, 0, 0, 8, 24, 195
"/home/kid-a/homeworks/compiler/lab2/.history/src/lr_20250419093431.cpp", "C++", 163, 0, 0, 6, 24, 193
"/home/kid-a/homeworks/compiler/lab2/.history/src/lr_20250419093456.cpp", "C++", 163, 0, 0, 6, 24, 193
"/home/kid-a/homeworks/compiler/lab2/.history/src/lr_20250419093540.cpp", "C++", 163, 0, 0, 6, 24, 193
"/home/kid-a/homeworks/compiler/lab2/.history/src/lr_20250419100331.cpp", "C++", 163, 0, 0, 5, 24, 192
"/home/kid-a/homeworks/compiler/lab2/.history/src/lr_20250419100828.cpp", "C++", 267, 0, 0, 7, 27, 301
"/home/kid-a/homeworks/compiler/lab2/.history/src/lr_20250419100840.cpp", "C++", 267, 0, 0, 6, 28, 301
"/home/kid-a/homeworks/compiler/lab2/.history/src/lr_20250419100843.cpp", "C++", 262, 0, 0, 6, 28, 296
"/home/kid-a/homeworks/compiler/lab2/.history/src/lr_20250419100847.cpp", "C++", 262, 0, 0, 5, 28, 295
"/home/kid-a/homeworks/compiler/lab2/.history/src/lr_20250419100906.cpp", "C++", 262, 0, 0, 4, 28, 294
"/home/kid-a/homeworks/compiler/lab2/.history/src/lr_20250419100929.cpp", "C++", 75, 0, 0, 0, 6, 81
"/home/kid-a/homeworks/compiler/lab2/.history/src/lr_20250419100935.cpp", "C++", 75, 0, 0, 0, 4, 79
"/home/kid-a/homeworks/compiler/lab2/.history/src/lr_20250419100942.hpp", "C++", 18, 0, 0, 0, 8, 26
"/home/kid-a/homeworks/compiler/lab2/.history/src/lr_20250419100945.hpp", "C++", 188, 0, 0, 4, 25, 217
"/home/kid-a/homeworks/compiler/lab2/.history/src/lr_20250419100956.hpp", "C++", 188, 0, 0, 4, 25, 217
"/home/kid-a/homeworks/compiler/lab2/.history/src/lr_20250419101000.hpp", "C++", 183, 0, 0, 4, 25, 212
"/home/kid-a/homeworks/compiler/lab2/.history/src/lr_20250419101045.cpp", "C++", 81, 0, 0, 0, 5, 86
"/home/kid-a/homeworks/compiler/lab2/.history/src/lr_20250419101048.cpp", "C++", 81, 0, 0, 0, 5, 86
"/home/kid-a/homeworks/compiler/lab2/.history/src/lr_20250419101051.cpp", "C++", 81, 0, 0, 0, 5, 86
"/home/kid-a/homeworks/compiler/lab2/.history/src/lr_20250419101053.cpp", "C++", 81, 0, 0, 0, 5, 86
"/home/kid-a/homeworks/compiler/lab2/.history/src/lr_20250419101103.cpp", "C++", 81, 0, 0, 0, 5, 86
"/home/kid-a/homeworks/compiler/lab2/.history/src/lr_20250419101106.cpp", "C++", 81, 0, 0, 0, 5, 86
"/home/kid-a/homeworks/compiler/lab2/.history/src/lr_20250419101116.hpp", "C++", 158, 0, 0, 4, 22, 184
"/home/kid-a/homeworks/compiler/lab2/.history/src/lr_20250419101117.hpp", "C++", 183, 0, 0, 4, 25, 212
"/home/kid-a/homeworks/compiler/lab2/.history/src/lr_20250419101121.hpp", "C++", 159, 0, 0, 4, 21, 184
"/home/kid-a/homeworks/compiler/lab2/.history/src/lr_20250419101128.cpp", "C++", 106, 0, 0, 0, 10, 116
"/home/kid-a/homeworks/compiler/lab2/.history/src/lr_20250419101132.cpp", "C++", 106, 0, 0, 0, 10, 116
"/home/kid-a/homeworks/compiler/lab2/.history/src/lr_20250419101134.cpp", "C++", 106, 0, 0, 0, 10, 116
"/home/kid-a/homeworks/compiler/lab2/.history/src/lr_20250419101136.cpp", "C++", 106, 0, 0, 0, 10, 116
"/home/kid-a/homeworks/compiler/lab2/.history/src/lr_20250419101153.hpp", "C++", 159, 0, 0, 4, 21, 184
"/home/kid-a/homeworks/compiler/lab2/.history/src/lr_20250419101156.hpp", "C++", 146, 0, 0, 2, 21, 169
"/home/kid-a/homeworks/compiler/lab2/.history/src/lr_20250419101157.hpp", "C++", 146, 0, 0, 2, 21, 169
"/home/kid-a/homeworks/compiler/lab2/.history/src/lr_20250419101202.cpp", "C++", 120, 0, 0, 2, 11, 133
"/home/kid-a/homeworks/compiler/lab2/.history/src/lr_20250419101204.cpp", "C++", 120, 0, 0, 2, 11, 133
"/home/kid-a/homeworks/compiler/lab2/.history/src/lr_20250419101208.cpp", "C++", 120, 0, 0, 2, 11, 133
"/home/kid-a/homeworks/compiler/lab2/.history/src/lr_20250419101209.cpp", "C++", 120, 0, 0, 2, 11, 133
"/home/kid-a/homeworks/compiler/lab2/.history/src/lr_20250419101219.hpp", "C++", 109, 0, 0, 0, 17, 126
"/home/kid-a/homeworks/compiler/lab2/.history/src/lr_20250419101220.hpp", "C++", 146, 0, 0, 2, 21, 169
"/home/kid-a/homeworks/compiler/lab2/.history/src/lr_20250419101224.hpp", "C++", 110, 0, 0, 0, 16, 126
"/home/kid-a/homeworks/compiler/lab2/.history/src/lr_20250419101227.cpp", "C++", 157, 0, 0, 4, 17, 178
"/home/kid-a/homeworks/compiler/lab2/.history/src/lr_20250419101230.cpp", "C++", 157, 0, 0, 4, 17, 178
"/home/kid-a/homeworks/compiler/lab2/.history/src/lr_20250419101235.cpp", "C++", 157, 0, 0, 4, 17, 178
"/home/kid-a/homeworks/compiler/lab2/.history/src/lr_20250419101247.hpp", "C++", 110, 0, 0, 0, 16, 126
"/home/kid-a/homeworks/compiler/lab2/.history/src/lr_20250419101249.hpp", "C++", 90, 0, 0, 0, 16, 106
"/home/kid-a/homeworks/compiler/lab2/.history/src/lr_20250419101253.cpp", "C++", 178, 0, 0, 4, 18, 200
"/home/kid-a/homeworks/compiler/lab2/.history/src/lr_20250419101255.cpp", "C++", 178, 0, 0, 4, 18, 200
"/home/kid-a/homeworks/compiler/lab2/.history/src/lr_20250419101258.cpp", "C++", 178, 0, 0, 4, 18, 200
"/home/kid-a/homeworks/compiler/lab2/.history/src/lr_20250419101309.hpp", "C++", 85, 0, 0, 0, 16, 101
"/home/kid-a/homeworks/compiler/lab2/.history/src/lr_20250419101311.hpp", "C++", 85, 0, 0, 0, 15, 100
"/home/kid-a/homeworks/compiler/lab2/.history/src/lr_20250419101324.cpp", "C++", 184, 0, 0, 4, 19, 207
"/home/kid-a/homeworks/compiler/lab2/.history/src/lr_20250419101326.cpp", "C++", 178, 0, 0, 4, 20, 202
"/home/kid-a/homeworks/compiler/lab2/.history/src/lr_20250419101328.cpp", "C++", 179, 0, 0, 4, 19, 202
"/home/kid-a/homeworks/compiler/lab2/.history/src/lr_20250419101331.cpp", "C++", 179, 0, 0, 4, 19, 202
"/home/kid-a/homeworks/compiler/lab2/.history/src/lr_20250419101335.cpp", "C++", 184, 0, 0, 4, 19, 207
"/home/kid-a/homeworks/compiler/lab2/.history/src/lr_20250419101340.cpp", "C++", 184, 0, 0, 4, 19, 207
"/home/kid-a/homeworks/compiler/lab2/.history/src/lr_20250419101343.cpp", "C++", 184, 0, 0, 4, 19, 207
"/home/kid-a/homeworks/compiler/lab2/.history/src/lr_20250419101346.cpp", "C++", 184, 0, 0, 4, 19, 207
"/home/kid-a/homeworks/compiler/lab2/.history/src/lr_20250419101350.cpp", "C++", 186, 0, 0, 4, 19, 209
"/home/kid-a/homeworks/compiler/lab2/.history/src/lr_20250419101352.cpp", "C++", 186, 0, 0, 4, 19, 209
"/home/kid-a/homeworks/compiler/lab2/.history/src/lr_20250419101403.cpp", "C++", 186, 0, 0, 4, 19, 209
"/home/kid-a/homeworks/compiler/lab2/.history/src/lr_20250419101520.hpp", "C++", 37, 0, 0, 0, 12, 49
"/home/kid-a/homeworks/compiler/lab2/.history/src/lr_20250419101521.hpp", "C++", 85, 0, 0, 0, 15, 100
"/home/kid-a/homeworks/compiler/lab2/.history/src/lr_20250419101523.hpp", "C++", 38, 0, 0, 0, 11, 49
"/home/kid-a/homeworks/compiler/lab2/.history/src/lr_20250419101524.hpp", "C++", 38, 0, 0, 0, 11, 49
"/home/kid-a/homeworks/compiler/lab2/.history/src/lr_20250419101532.cpp", "C++", 234, 0, 0, 4, 24, 262
"/home/kid-a/homeworks/compiler/lab2/.history/src/lr_20250419101535.cpp", "C++", 234, 0, 0, 4, 24, 262
"/home/kid-a/homeworks/compiler/lab2/.history/src/lr_20250419101537.cpp", "C++", 234, 0, 0, 4, 24, 262
"/home/kid-a/homeworks/compiler/lab2/.history/src/lr_20250419101546.hpp", "C++", 38, 0, 0, 0, 11, 49
"/home/kid-a/homeworks/compiler/lab2/.history/src/lr_20250419101553.hpp", "C++", 19, 0, 0, 0, 10, 29
"/home/kid-a/homeworks/compiler/lab2/.history/src/lr_20250419101555.hpp", "C++", 19, 0, 0, 0, 10, 29
"/home/kid-a/homeworks/compiler/lab2/.history/src/lr_20250419101557.cpp", "C++", 254, 0, 0, 4, 26, 284
"/home/kid-a/homeworks/compiler/lab2/.history/src/lr_20250419101559.cpp", "C++", 254, 0, 0, 4, 26, 284
"/home/kid-a/homeworks/compiler/lab2/.history/src/lr_20250419101604.cpp", "C++", 254, 0, 0, 4, 26, 284
"/home/kid-a/homeworks/compiler/lab2/.history/src/lr_20250419101606.cpp", "C++", 254, 0, 0, 4, 26, 284
"/home/kid-a/homeworks/compiler/lab2/.history/src/lr_20250419101615.cpp", "C++", 254, 0, 0, 2, 26, 282
"/home/kid-a/homeworks/compiler/lab2/.history/src/lr_20250419102911.cpp", "C++", 254, 0, 0, 2, 27, 283
"/home/kid-a/homeworks/compiler/lab2/.history/src/lr_20250419102917.cpp", "C++", 256, 0, 0, 2, 26, 284
"/home/kid-a/homeworks/compiler/lab2/.history/src/lr_20250419102923.cpp", "C++", 256, 0, 0, 2, 26, 284
"/home/kid-a/homeworks/compiler/lab2/.history/src/lr_20250419102925.cpp", "C++", 256, 0, 0, 2, 27, 285
"/home/kid-a/homeworks/compiler/lab2/.history/src/lr_20250419102928.cpp", "C++", 257, 0, 0, 2, 26, 285
"/home/kid-a/homeworks/compiler/lab2/.history/src/lr_20250419102931.cpp", "C++", 257, 0, 0, 2, 26, 285
"/home/kid-a/homeworks/compiler/lab2/.history/src/lr_20250419102933.cpp", "C++", 257, 0, 0, 2, 26, 285
"/home/kid-a/homeworks/compiler/lab2/.history/src/lr_20250419102935.cpp", "C++", 256, 0, 0, 2, 26, 284
"/home/kid-a/homeworks/compiler/lab2/.history/src/lr_20250419102936.cpp", "C++", 256, 0, 0, 2, 27, 285
"/home/kid-a/homeworks/compiler/lab2/.history/src/lr_20250419102939.cpp", "C++", 257, 0, 0, 2, 26, 285
"/home/kid-a/homeworks/compiler/lab2/.history/src/lr_20250419102940.cpp", "C++", 257, 0, 0, 2, 26, 285
"/home/kid-a/homeworks/compiler/lab2/.history/src/lr_20250419102943.cpp", "C++", 257, 0, 0, 2, 26, 285
"/home/kid-a/homeworks/compiler/lab2/.history/src/lr_20250419102948.cpp", "C++", 257, 0, 0, 2, 26, 285
"/home/kid-a/homeworks/compiler/lab2/.history/src/lr_20250419102951.cpp", "C++", 258, 0, 0, 2, 26, 286
"/home/kid-a/homeworks/compiler/lab2/.history/src/lr_20250419102956.cpp", "C++", 258, 0, 0, 2, 26, 286
"/home/kid-a/homeworks/compiler/lab2/.history/src/lr_20250419102958.cpp", "C++", 258, 0, 0, 2, 26, 286
"/home/kid-a/homeworks/compiler/lab2/.history/src/lr_20250419103000.cpp", "C++", 258, 0, 0, 2, 26, 286
"/home/kid-a/homeworks/compiler/lab2/.history/src/lr_20250419104715.cpp", "C++", 260, 0, 0, 2, 28, 290
"/home/kid-a/homeworks/compiler/lab2/.history/src/lr_20250419104728.cpp", "C++", 260, 0, 0, 2, 28, 290
"/home/kid-a/homeworks/compiler/lab2/.history/src/lr_20250419104731.cpp", "C++", 260, 0, 0, 2, 28, 290
"/home/kid-a/homeworks/compiler/lab2/.history/src/lr_20250419104737.cpp", "C++", 258, 0, 0, 2, 28, 288
"/home/kid-a/homeworks/compiler/lab2/.history/src/lr_20250419104740.cpp", "C++", 258, 0, 0, 2, 26, 286
"/home/kid-a/homeworks/compiler/lab2/.history/src/lr_20250419104748.cpp", "C++", 259, 0, 0, 2, 26, 287
"/home/kid-a/homeworks/compiler/lab2/.history/src/lr_20250419104750.cpp", "C++", 259, 0, 0, 2, 26, 287
"/home/kid-a/homeworks/compiler/lab2/.history/src/lr_20250419104754.cpp", "C++", 259, 0, 0, 2, 26, 287
"/home/kid-a/homeworks/compiler/lab2/.history/src/lr_20250419104756.cpp", "C++", 259, 0, 0, 2, 26, 287
"/home/kid-a/homeworks/compiler/lab2/.history/src/lr_20250419104800.cpp", "C++", 259, 0, 0, 2, 26, 287
"/home/kid-a/homeworks/compiler/lab2/.history/src/lr_20250419110043.cpp", "C++", 254, 0, 0, 7, 26, 287
"/home/kid-a/homeworks/compiler/lab2/.history/src/lr_20250419110045.cpp", "C++", 254, 0, 0, 7, 27, 288
"/home/kid-a/homeworks/compiler/lab2/.history/src/lr_20250419110051.cpp", "C++", 255, 0, 0, 7, 26, 288
"/home/kid-a/homeworks/compiler/lab2/.history/src/lr_20250419110052.cpp", "C++", 255, 0, 0, 7, 26, 288
"/home/kid-a/homeworks/compiler/lab2/.history/src/lr_20250419110058.cpp", "C++", 255, 0, 0, 7, 26, 288
"/home/kid-a/homeworks/compiler/lab2/.history/src/lr_20250419110100.cpp", "C++", 255, 0, 0, 7, 26, 288
"/home/kid-a/homeworks/compiler/lab2/.history/src/lr_20250419110106.cpp", "C++", 255, 0, 0, 7, 26, 288
"/home/kid-a/homeworks/compiler/lab2/.history/src/lr_20250419110113.cpp", "C++", 257, 0, 0, 7, 26, 290
"/home/kid-a/homeworks/compiler/lab2/.history/src/lr_20250419110120.cpp", "C++", 257, 0, 0, 7, 26, 290
"/home/kid-a/homeworks/compiler/lab2/.history/src/lr_20250419110122.cpp", "C++", 257, 0, 0, 7, 26, 290
"/home/kid-a/homeworks/compiler/lab2/.history/src/lr_20250419110129.cpp", "C++", 257, 0, 0, 7, 26, 290
"/home/kid-a/homeworks/compiler/lab2/.history/src/lr_20250419110132.cpp", "C++", 257, 0, 0, 7, 26, 290
"/home/kid-a/homeworks/compiler/lab2/.history/src/lr_20250419110134.cpp", "C++", 257, 0, 0, 7, 26, 290
"/home/kid-a/homeworks/compiler/lab2/.history/src/lr_20250419110217.cpp", "C++", 257, 0, 0, 7, 26, 290
"/home/kid-a/homeworks/compiler/lab2/.history/src/lr_20250419110218.cpp", "C++", 257, 0, 0, 7, 26, 290
"/home/kid-a/homeworks/compiler/lab2/.history/src/lr_20250419110220.cpp", "C++", 257, 0, 0, 7, 26, 290
"/home/kid-a/homeworks/compiler/lab2/.history/src/lr_20250419110223.cpp", "C++", 257, 0, 0, 7, 26, 290
"/home/kid-a/homeworks/compiler/lab2/.history/src/lr_20250419110226.cpp", "C++", 258, 0, 0, 7, 27, 292
"/home/kid-a/homeworks/compiler/lab2/.history/src/lr_20250419110258.cpp", "C++", 254, 0, 0, 7, 26, 287
"/home/kid-a/homeworks/compiler/lab2/.history/src/lr_20250419110259.cpp", "C++", 259, 0, 0, 2, 26, 287
"/home/kid-a/homeworks/compiler/lab2/.history/src/lr_20250419110651.cpp", "C++", 221, 0, 0, 40, 26, 287
"/home/kid-a/homeworks/compiler/lab2/.history/src/lr_20250419110654.cpp", "C++", 262, 0, 0, 40, 32, 334
"/home/kid-a/homeworks/compiler/lab2/.history/src/lr_20250419110658.cpp", "C++", 262, 0, 0, 40, 32, 334
"/home/kid-a/homeworks/compiler/lab2/.history/src/lr_20250419110702.cpp", "C++", 262, 0, 0, 40, 32, 334
"/home/kid-a/homeworks/compiler/lab2/.history/src/lr_20250419110704.cpp", "C++", 262, 0, 0, 40, 32, 334
"/home/kid-a/homeworks/compiler/lab2/.history/src/lr_20250419110716.cpp", "C++", 262, 0, 0, 40, 32, 334
"/home/kid-a/homeworks/compiler/lab2/.history/src/lr_20250419110952.cpp", "C++", 262, 0, 0, 2, 26, 290
"/home/kid-a/homeworks/compiler/lab2/.history/src/lr_20250419111254.cpp", "C++", 262, 0, 0, 0, 26, 288
"/home/kid-a/homeworks/compiler/lab2/.history/src/lr_20250419111259.cpp", "C++", 261, 0, 0, 1, 26, 288
"/home/kid-a/homeworks/compiler/lab2/.history/src/lr_20250419111443.cpp", "C++", 262, 0, 0, 1, 25, 288
"/home/kid-a/homeworks/compiler/lab2/.history/src/lr_20250419111446.cpp", "C++", 262, 0, 0, 1, 25, 288
"/home/kid-a/homeworks/compiler/lab2/.history/src/lr_20250419111454.cpp", "C++", 262, 0, 0, 1, 25, 288
"/home/kid-a/homeworks/compiler/lab2/.history/src/lr_20250419111456.cpp", "C++", 262, 0, 0, 1, 25, 288
"/home/kid-a/homeworks/compiler/lab2/.history/src/lr_20250419111457.cpp", "C++", 262, 0, 0, 1, 25, 288
"/home/kid-a/homeworks/compiler/lab2/.history/src/lr_20250419111459.cpp", "C++", 262, 0, 0, 1, 25, 288
"/home/kid-a/homeworks/compiler/lab2/.history/src/lr_20250419111502.cpp", "C++", 262, 0, 0, 1, 25, 288
"/home/kid-a/homeworks/compiler/lab2/.history/src/lr_20250419111505.cpp", "C++", 262, 0, 0, 1, 25, 288
"/home/kid-a/homeworks/compiler/lab2/.history/src/lr_20250419111531.cpp", "C++", 263, 0, 0, 1, 25, 289
"/home/kid-a/homeworks/compiler/lab2/.history/src/lr_20250419111533.cpp", "C++", 263, 0, 0, 1, 25, 289
"/home/kid-a/homeworks/compiler/lab2/.history/src/lr_20250419111534.cpp", "C++", 263, 0, 0, 1, 25, 289
"/home/kid-a/homeworks/compiler/lab2/.history/src/lr_20250419111536.cpp", "C++", 263, 0, 0, 1, 25, 289
"/home/kid-a/homeworks/compiler/lab2/.history/src/lr_20250419111538.cpp", "C++", 263, 0, 0, 1, 25, 289
"/home/kid-a/homeworks/compiler/lab2/.history/src/lr_20250419111543.cpp", "C++", 263, 0, 0, 1, 25, 289
"/home/kid-a/homeworks/compiler/lab2/.history/src/lr_20250419111550.cpp", "C++", 263, 0, 0, 1, 25, 289
"/home/kid-a/homeworks/compiler/lab2/.history/src/lr_20250419111640.cpp", "C++", 263, 0, 0, 1, 25, 289
"/home/kid-a/homeworks/compiler/lab2/.history/src/lr_20250419111643.cpp", "C++", 263, 0, 0, 1, 25, 289
"/home/kid-a/homeworks/compiler/lab2/.history/src/lr_20250419112449.cpp", "C++", 223, 0, 0, 41, 25, 289
"/home/kid-a/homeworks/compiler/lab2/.history/src/lr_20250419112454.cpp", "C++", 223, 0, 0, 41, 27, 291
"/home/kid-a/homeworks/compiler/lab2/.history/src/lr_20250419112455.cpp", "C++", 277, 0, 0, 41, 31, 349
"/home/kid-a/homeworks/compiler/lab2/.history/src/lr_20250419112459.cpp", "C++", 277, 0, 0, 41, 31, 349
"/home/kid-a/homeworks/compiler/lab2/.history/src/lr_20250419112717.cpp", "C++", 277, 0, 0, 41, 31, 349
"/home/kid-a/homeworks/compiler/lab2/.history/src/lr_20250419113358.cpp", "C++", 279, 0, 0, 41, 31, 351
"/home/kid-a/homeworks/compiler/lab2/.history/src/lr_20250419113402.cpp", "C++", 279, 0, 0, 41, 31, 351
"/home/kid-a/homeworks/compiler/lab2/.history/src/lr_20250419113406.cpp", "C++", 278, 0, 0, 41, 31, 350
"/home/kid-a/homeworks/compiler/lab2/.history/src/lr_20250419113414.cpp", "C++", 278, 0, 0, 41, 32, 351
"/home/kid-a/homeworks/compiler/lab2/.history/src/lr_20250419113419.cpp", "C++", 279, 0, 0, 41, 31, 351
"/home/kid-a/homeworks/compiler/lab2/.history/src/lr_20250419113438.cpp", "C++", 279, 0, 0, 41, 31, 351
"/home/kid-a/homeworks/compiler/lab2/.history/src/lr_20250419113516.cpp", "C++", 279, 0, 0, 41, 31, 351
"/home/kid-a/homeworks/compiler/lab2/.history/src/lr_20250419113520.cpp", "C++", 279, 0, 0, 41, 31, 351
"/home/kid-a/homeworks/compiler/lab2/.history/src/lr_20250419113625.cpp", "C++", 279, 0, 0, 41, 31, 351
"/home/kid-a/homeworks/compiler/lab2/.history/src/lr_20250419113626.cpp", "C++", 279, 0, 0, 41, 31, 351
"/home/kid-a/homeworks/compiler/lab2/.history/src/lr_20250419113628.cpp", "C++", 279, 0, 0, 41, 31, 351
"/home/kid-a/homeworks/compiler/lab2/.history/src/lr_20250419113631.cpp", "C++", 279, 0, 0, 41, 31, 351
"/home/kid-a/homeworks/compiler/lab2/.history/src/lr_20250419113634.cpp", "C++", 279, 0, 0, 41, 31, 351
"/home/kid-a/homeworks/compiler/lab2/.history/src/lr_20250419113635.cpp", "C++", 279, 0, 0, 41, 31, 351
"/home/kid-a/homeworks/compiler/lab2/.history/src/lr_20250419113637.cpp", "C++", 279, 0, 0, 41, 31, 351
"/home/kid-a/homeworks/compiler/lab2/.history/src/lr_20250419113639.cpp", "C++", 279, 0, 0, 41, 31, 351
"/home/kid-a/homeworks/compiler/lab2/.history/src/lr_20250419114142.hpp", "C++", 19, 0, 0, 0, 10, 29
"/home/kid-a/homeworks/compiler/lab2/.history/src/lr_20250419114519.cpp", "C++", 279, 0, 0, 41, 31, 351
"/home/kid-a/homeworks/compiler/lab2/.history/src/lr_20250419114534.cpp", "C++", 279, 0, 0, 41, 31, 351
"/home/kid-a/homeworks/compiler/lab2/.history/src/lr_20250419114538.cpp", "C++", 279, 0, 0, 41, 31, 351
"/home/kid-a/homeworks/compiler/lab2/.history/src/lr_20250419115157.cpp", "C++", 224, 0, 0, 96, 31, 351
"/home/kid-a/homeworks/compiler/lab2/.history/src/lr_20250419115200.cpp", "C++", 264, 0, 0, 56, 31, 351
"/home/kid-a/homeworks/compiler/lab2/.history/src/lr_20250419115234.hpp", "C++", 19, 0, 0, 0, 10, 29
"/home/kid-a/homeworks/compiler/lab2/.history/src/lr_20250419115324.cpp", "C++", 264, 0, 0, 56, 33, 353
"/home/kid-a/homeworks/compiler/lab2/.history/src/lr_20250419115341.cpp", "C++", 264, 0, 0, 56, 31, 351
"/home/kid-a/homeworks/compiler/lab2/.history/src/lr_20250419115352.cpp", "C++", 265, 0, 0, 56, 32, 353
"/home/kid-a/homeworks/compiler/lab2/.history/src/lr_20250419115357.cpp", "C++", 265, 0, 0, 56, 32, 353
"/home/kid-a/homeworks/compiler/lab2/.history/src/lr_20250419115411.cpp", "C++", 266, 0, 0, 56, 33, 355
"/home/kid-a/homeworks/compiler/lab2/.history/src/lr_20250419115413.cpp", "C++", 266, 0, 0, 56, 33, 355
"/home/kid-a/homeworks/compiler/lab2/.history/src/lr_20250419115420.cpp", "C++", 266, 0, 0, 56, 33, 355
"/home/kid-a/homeworks/compiler/lab2/.history/src/lr_20250419115429.cpp", "C++", 267, 0, 0, 56, 32, 355
"/home/kid-a/homeworks/compiler/lab2/.history/src/lr_20250419115432.cpp", "C++", 267, 0, 0, 56, 32, 355
"/home/kid-a/homeworks/compiler/lab2/.history/src/lr_20250419115434.cpp", "C++", 267, 0, 0, 56, 32, 355
"/home/kid-a/homeworks/compiler/lab2/.history/src/lr_20250419115437.cpp", "C++", 267, 0, 0, 56, 32, 355
"/home/kid-a/homeworks/compiler/lab2/.history/src/lr_20250419115445.cpp", "C++", 267, 0, 0, 56, 32, 355
"/home/kid-a/homeworks/compiler/lab2/.history/src/lr_20250419115451.cpp", "C++", 267, 0, 0, 56, 32, 355
"/home/kid-a/homeworks/compiler/lab2/.history/src/lr_20250419115455.cpp", "C++", 267, 0, 0, 56, 32, 355
"/home/kid-a/homeworks/compiler/lab2/.history/src/lr_20250419115500.cpp", "C++", 269, 0, 0, 56, 32, 357
"/home/kid-a/homeworks/compiler/lab2/.history/src/lr_20250419115502.cpp", "C++", 269, 0, 0, 56, 32, 357
"/home/kid-a/homeworks/compiler/lab2/.history/src/lr_20250419115504.cpp", "C++", 270, 0, 0, 56, 33, 359
"/home/kid-a/homeworks/compiler/lab2/.history/src/lr_20250419115531.cpp", "C++", 270, 0, 0, 56, 33, 359
"/home/kid-a/homeworks/compiler/lab2/.history/src/lr_20250419115533.cpp", "C++", 271, 0, 0, 56, 32, 359
"/home/kid-a/homeworks/compiler/lab2/.history/src/lr_20250419115539.cpp", "C++", 271, 0, 0, 56, 32, 359
"/home/kid-a/homeworks/compiler/lab2/.history/src/lr_20250419115541.cpp", "C++", 271, 0, 0, 56, 32, 359
"/home/kid-a/homeworks/compiler/lab2/.history/src/lr_20250419115545.cpp", "C++", 271, 0, 0, 56, 32, 359
"/home/kid-a/homeworks/compiler/lab2/.history/src/lr_20250419115552.cpp", "C++", 273, 0, 0, 56, 32, 361
"/home/kid-a/homeworks/compiler/lab2/.history/src/lr_20250419115602.cpp", "C++", 273, 0, 0, 56, 32, 361
"/home/kid-a/homeworks/compiler/lab2/.history/src/lr_20250419115605.cpp", "C++", 273, 0, 0, 56, 32, 361
"/home/kid-a/homeworks/compiler/lab2/.history/src/lr_20250419115609.cpp", "C++", 274, 0, 0, 56, 32, 362
"/home/kid-a/homeworks/compiler/lab2/.history/src/lr_20250419121635.cpp", "C++", 273, 0, 0, 56, 33, 362
"/home/kid-a/homeworks/compiler/lab2/.history/src/lr_20250419121640.cpp", "C++", 274, 0, 0, 56, 32, 362
"/home/kid-a/homeworks/compiler/lab2/.history/src/lr_20250419121716.cpp", "C++", 274, 0, 0, 56, 32, 362
"/home/kid-a/homeworks/compiler/lab2/.history/src/lr_20250419121728.cpp", "C++", 274, 0, 0, 56, 32, 362
"/home/kid-a/homeworks/compiler/lab2/.history/src/lr_20250419121843.cpp", "C++", 264, 0, 0, 56, 31, 351
"/home/kid-a/homeworks/compiler/lab2/.history/src/lr_20250419121917.cpp", "C++", 264, 0, 0, 55, 31, 350
"/home/kid-a/homeworks/compiler/lab2/.history/src/lr_20250419121927.cpp", "C++", 264, 0, 0, 55, 32, 351
"/home/kid-a/homeworks/compiler/lab2/.history/src/lr_20250419121932.cpp", "C++", 265, 0, 0, 55, 31, 351
"/home/kid-a/homeworks/compiler/lab2/.history/src/lr_20250419121935.cpp", "C++", 265, 0, 0, 55, 31, 351
"/home/kid-a/homeworks/compiler/lab2/.history/src/lr_20250419121940.cpp", "C++", 265, 0, 0, 55, 31, 351
"/home/kid-a/homeworks/compiler/lab2/.history/src/lr_20250419121941.cpp", "C++", 265, 0, 0, 55, 31, 351
"/home/kid-a/homeworks/compiler/lab2/.history/src/lr_20250419121944.cpp", "C++", 265, 0, 0, 55, 31, 351
"/home/kid-a/homeworks/compiler/lab2/.history/src/lr_20250419121948.cpp", "C++", 266, 0, 0, 55, 31, 352
"/home/kid-a/homeworks/compiler/lab2/.history/src/lr_20250419121951.cpp", "C++", 266, 0, 0, 55, 31, 352
"/home/kid-a/homeworks/compiler/lab2/.history/src/lr_20250419121953.cpp", "C++", 266, 0, 0, 55, 31, 352
"/home/kid-a/homeworks/compiler/lab2/.history/src/lr_20250419121956.cpp", "C++", 266, 0, 0, 55, 31, 352
"/home/kid-a/homeworks/compiler/lab2/.history/src/lr_20250419122004.cpp", "C++", 266, 0, 0, 55, 31, 352
"/home/kid-a/homeworks/compiler/lab2/.history/src/lr_20250419122008.cpp", "C++", 266, 0, 0, 55, 31, 352
"/home/kid-a/homeworks/compiler/lab2/.history/src/lr_20250419122013.cpp", "C++", 266, 0, 0, 55, 31, 352
"/home/kid-a/homeworks/compiler/lab2/.history/src/lr_20250419122015.cpp", "C++", 266, 0, 0, 55, 31, 352
"/home/kid-a/homeworks/compiler/lab2/.history/src/lr_20250419122859.cpp", "C++", 225, 0, 0, 96, 31, 352
"/home/kid-a/homeworks/compiler/lab2/.history/src/lr_20250419122903.cpp", "C++", 280, 0, 0, 41, 31, 352
"/home/kid-a/homeworks/compiler/lab2/.history/src/lr_20250419132628.hpp", "C++", 19, 0, 0, 0, 10, 29
"/home/kid-a/homeworks/compiler/lab2/.history/src/lr_20250419132633.hpp", "C++", 19, 0, 0, 0, 10, 29
"/home/kid-a/homeworks/compiler/lab2/.history/src/lr_20250419132705.cpp", "C++", 80, 0, 0, 0, 5, 85
"/home/kid-a/homeworks/compiler/lab2/.history/src/lr_20250419132707.cpp", "C++", 181, 0, 0, 2, 21, 204
"/home/kid-a/homeworks/compiler/lab2/.history/src/lr_20250419132710.cpp", "C++", 181, 0, 0, 1, 21, 203
"/home/kid-a/homeworks/compiler/lab2/.history/src/lr_20250419132711.cpp", "C++", 181, 0, 0, 1, 22, 204
"/home/kid-a/homeworks/compiler/lab2/.history/src/lr_20250419132713.cpp", "C++", 280, 0, 0, 41, 31, 352
"/home/kid-a/homeworks/compiler/lab2/.history/src/lr_20250419132718.cpp", "C++", 280, 0, 0, 41, 31, 352
"/home/kid-a/homeworks/compiler/lab2/.history/src/lr_20250419132722.cpp", "C++", 280, 0, 0, 41, 31, 352
"/home/kid-a/homeworks/compiler/lab2/.history/src/lr_20250419132726.cpp", "C++", 280, 0, 0, 41, 31, 352
"/home/kid-a/homeworks/compiler/lab2/.history/src/lr_20250419132750.cpp", "C++", 225, 0, 0, 96, 31, 352
"/home/kid-a/homeworks/compiler/lab2/.history/src/lr_20250419132751.cpp", "C++", 266, 0, 0, 55, 31, 352
"/home/kid-a/homeworks/compiler/lab2/.history/src/lr_20250419132800.cpp", "C++", 80, 0, 0, 0, 5, 85
"/home/kid-a/homeworks/compiler/lab2/.history/src/lr_20250419132805.cpp", "C++", 181, 0, 0, 2, 21, 204
"/home/kid-a/homeworks/compiler/lab2/.history/src/lr_20250419132806.cpp", "C++", 181, 0, 0, 1, 21, 203
"/home/kid-a/homeworks/compiler/lab2/.history/src/lr_20250419132811.cpp", "C++", 181, 0, 0, 0, 22, 203
"/home/kid-a/homeworks/compiler/lab2/.history/src/lr_20250419132814.cpp", "C++", 175, 0, 0, 0, 19, 194
"/home/kid-a/homeworks/compiler/lab2/.history/src/lr_20250419132831.hpp", "C++", 19, 0, 0, 0, 10, 29
"/home/kid-a/homeworks/compiler/lab2/.history/src/lr_20250419132834.hpp", "C++", 19, 0, 0, 0, 10, 29
"/home/kid-a/homeworks/compiler/lab2/.history/src/lr_20250419132842.cpp", "C++", 175, 0, 0, 0, 20, 195
"/home/kid-a/homeworks/compiler/lab2/.history/src/lr_20250419133015.cpp", "C++", 271, 0, 0, 3, 26, 300
"/home/kid-a/homeworks/compiler/lab2/.history/src/lr_20250419133024.cpp", "C++", 271, 0, 0, 2, 26, 299
"/home/kid-a/homeworks/compiler/lab2/.history/src/lr_20250419133028.cpp", "C++", 271, 0, 0, 1, 26, 298
"/home/kid-a/homeworks/compiler/lab2/.history/src/lr_20250419133048.cpp", "C++", 271, 0, 0, 1, 26, 298
"/home/kid-a/homeworks/compiler/lab2/.history/src/lr_20250419133216.cpp", "C++", 271, 0, 0, 0, 26, 297
"/home/kid-a/homeworks/compiler/lab2/.history/src/lr_20250419133219.cpp", "C++", 351, 0, 0, 6, 39, 396
"/home/kid-a/homeworks/compiler/lab2/.history/src/lr_20250419133227.cpp", "C++", 351, 0, 0, 5, 39, 395
"/home/kid-a/homeworks/compiler/lab2/.history/src/lr_20250419133407.cpp", "C++", 351, 0, 0, 5, 39, 395
"/home/kid-a/homeworks/compiler/lab2/.history/src/lr_20250419133417.cpp", "C++", 351, 0, 0, 5, 39, 395
"/home/kid-a/homeworks/compiler/lab2/.history/src/lr_20250419133425.cpp", "C++", 344, 0, 0, 5, 39, 388
"/home/kid-a/homeworks/compiler/lab2/.history/src/lr_20250419133427.cpp", "C++", 344, 0, 0, 3, 38, 385
"/home/kid-a/homeworks/compiler/lab2/.history/src/lr_20250419133433.cpp", "C++", 265, 0, 0, 1, 26, 292
"/home/kid-a/homeworks/compiler/lab2/.history/src/lr_20250419133436.cpp", "C++", 265, 0, 0, 0, 25, 290
"/home/kid-a/homeworks/compiler/lab2/.history/src/lr_20250419133541.cpp", "C++", 265, 0, 0, 0, 25, 290
"/home/kid-a/homeworks/compiler/lab2/.history/src/lr_20250419133547.cpp", "C++", 265, 0, 0, 0, 25, 290
"/home/kid-a/homeworks/compiler/lab2/.history/src/lr_20250419133616.cpp", "C++", 265, 0, 0, 0, 25, 290
"/home/kid-a/homeworks/compiler/lab2/.history/src/lr_20250419133618.cpp", "C++", 265, 0, 0, 0, 25, 290
"/home/kid-a/homeworks/compiler/lab2/.history/src/lr_20250419133628.cpp", "C++", 265, 0, 0, 0, 25, 290
"/home/kid-a/homeworks/compiler/lab2/.history/src/lr_20250419133632.cpp", "C++", 265, 0, 0, 0, 26, 291
"/home/kid-a/homeworks/compiler/lab2/.history/src/lr_20250419133633.cpp", "C++", 265, 0, 0, 0, 25, 290
"/home/kid-a/homeworks/compiler/lab2/.history/src/lr_20250419133637.cpp", "C++", 265, 0, 0, 0, 25, 290
"/home/kid-a/homeworks/compiler/lab2/.history/src/lr_20250419134124.hpp", "C++", 20, 0, 0, 0, 10, 30
"/home/kid-a/homeworks/compiler/lab2/.history/src/lr_20250419134127.hpp", "C++", 20, 0, 0, 0, 10, 30
"/home/kid-a/homeworks/compiler/lab2/.history/src/lr_20250419134129.hpp", "C++", 20, 0, 0, 0, 10, 30
"/home/kid-a/homeworks/compiler/lab2/.history/src/lr_20250419134133.hpp", "C++", 20, 0, 0, 0, 10, 30
"/home/kid-a/homeworks/compiler/lab2/.history/src/lr_20250419134139.hpp", "C++", 20, 0, 0, 0, 10, 30
"/home/kid-a/homeworks/compiler/lab2/.history/src/lr_20250419134146.cpp", "C++", 265, 0, 0, 0, 25, 290
"/home/kid-a/homeworks/compiler/lab2/.history/src/lr_20250419134150.cpp", "C++", 265, 0, 0, 0, 25, 290
"/home/kid-a/homeworks/compiler/lab2/.history/src/lr_20250419134152.cpp", "C++", 265, 0, 0, 0, 25, 290
"/home/kid-a/homeworks/compiler/lab2/.history/src/lr_20250419134153.cpp", "C++", 265, 0, 0, 0, 25, 290
"/home/kid-a/homeworks/compiler/lab2/.history/src/lr_20250419134201.cpp", "C++", 265, 0, 0, 0, 25, 290
"/home/kid-a/homeworks/compiler/lab2/.history/src/lr_20250419134203.cpp", "C++", 265, 0, 0, 0, 25, 290
"/home/kid-a/homeworks/compiler/lab2/.history/src/lr_20250419134218.hpp", "C++", 20, 0, 0, 0, 10, 30
"/home/kid-a/homeworks/compiler/lab2/.history/src/lr_20250419134225.cpp", "C++", 265, 0, 0, 0, 25, 290
"/home/kid-a/homeworks/compiler/lab2/.history/src/lr_20250419134310.cpp", "C++", 266, 0, 0, 0, 24, 290
"/home/kid-a/homeworks/compiler/lab2/.history/src/lr_20250419134317.cpp", "C++", 266, 0, 0, 0, 24, 290
"/home/kid-a/homeworks/compiler/lab2/.history/src/lr_20250419134319.cpp", "C++", 266, 0, 0, 0, 24, 290
"/home/kid-a/homeworks/compiler/lab2/.history/src/lr_20250419134326.cpp", "C++", 266, 0, 0, 0, 24, 290
"/home/kid-a/homeworks/compiler/lab2/.history/src/lr_20250419134356.cpp", "C++", 267, 0, 0, 0, 24, 291
"/home/kid-a/homeworks/compiler/lab2/.history/src/lr_20250419134358.cpp", "C++", 267, 0, 0, 0, 24, 291
"/home/kid-a/homeworks/compiler/lab2/.history/src/lr_20250419134402.cpp", "C++", 267, 0, 0, 0, 24, 291
"/home/kid-a/homeworks/compiler/lab2/.history/src/lr_20250419134406.cpp", "C++", 267, 0, 0, 0, 24, 291
"/home/kid-a/homeworks/compiler/lab2/.history/src/lr_20250419134413.cpp", "C++", 267, 0, 0, 0, 24, 291
"/home/kid-a/homeworks/compiler/lab2/.history/src/lr_20250419134428.cpp", "C++", 268, 0, 0, 0, 24, 292
"/home/kid-a/homeworks/compiler/lab2/.history/src/lr_20250419134432.cpp", "C++", 268, 0, 0, 0, 24, 292
"/home/kid-a/homeworks/compiler/lab2/.history/src/lr_20250419134433.cpp", "C++", 268, 0, 0, 0, 24, 292
"/home/kid-a/homeworks/compiler/lab2/.history/src/lr_20250419134505.cpp", "C++", 268, 0, 0, 0, 24, 292
"/home/kid-a/homeworks/compiler/lab2/.history/src/lr_20250419134520.cpp", "C++", 268, 0, 0, 0, 24, 292
"/home/kid-a/homeworks/compiler/lab2/.history/src/lr_20250419134522.cpp", "C++", 268, 0, 0, 0, 24, 292
"/home/kid-a/homeworks/compiler/lab2/.history/src/lr_20250419135326.cpp", "C++", 246, 0, 0, 22, 24, 292
"/home/kid-a/homeworks/compiler/lab2/.history/src/lr_20250419135328.cpp", "C++", 320, 0, 0, 30, 30, 380
"/home/kid-a/homeworks/compiler/lab2/.history/src/lr_20250419135358.cpp", "C++", 320, 0, 0, 28, 30, 378
"/home/kid-a/homeworks/compiler/lab2/.history/src/lr_20250419135401.cpp", "C++", 320, 0, 0, 27, 30, 377
"/home/kid-a/homeworks/compiler/lab2/.history/src/lr_20250419135405.cpp", "C++", 320, 0, 0, 26, 30, 376
"/home/kid-a/homeworks/compiler/lab2/.history/src/lr_20250419135407.cpp", "C++", 320, 0, 0, 24, 30, 374
"/home/kid-a/homeworks/compiler/lab2/.history/src/lr_20250419135409.cpp", "C++", 320, 0, 0, 23, 30, 373
"/home/kid-a/homeworks/compiler/lab2/.history/src/lr_20250419135434.cpp", "C++", 315, 0, 0, 23, 31, 369
"/home/kid-a/homeworks/compiler/lab2/.history/src/lr_20250419135437.cpp", "C++", 315, 0, 0, 23, 30, 368
"/home/kid-a/homeworks/compiler/lab2/.history/src/lr_20250419135443.cpp", "C++", 320, 0, 0, 23, 31, 374
"/home/kid-a/homeworks/compiler/lab2/.history/src/lr_20250419152731.cpp", "C++", 320, 0, 0, 22, 31, 373
"/home/kid-a/homeworks/compiler/lab2/.history/src/lr_20250419152737.cpp", "C++", 246, 0, 0, 22, 24, 292
"/home/kid-a/homeworks/compiler/lab2/.history/src/lr_20250419152740.cpp", "C++", 268, 0, 0, 0, 24, 292
"/home/kid-a/homeworks/compiler/lab2/.history/src/lr_20250419153518.cpp", "C++", 267, 0, 0, 1, 24, 292
"/home/kid-a/homeworks/compiler/lab2/.history/src/lr_20250419153532.cpp", "C++", 268, 0, 0, 1, 25, 294
"/home/kid-a/homeworks/compiler/lab2/.history/src/lr_20250419153542.cpp", "C++", 269, 0, 0, 1, 26, 296
"/home/kid-a/homeworks/compiler/lab2/.history/src/lr_20250419153547.cpp", "C++", 270, 0, 0, 1, 25, 296
"/home/kid-a/homeworks/compiler/lab2/.history/src/lr_20250419153548.cpp", "C++", 270, 0, 0, 1, 25, 296
"/home/kid-a/homeworks/compiler/lab2/.history/src/lr_20250419153551.cpp", "C++", 270, 0, 0, 1, 25, 296
"/home/kid-a/homeworks/compiler/lab2/.history/src/lr_20250419153553.cpp", "C++", 270, 0, 0, 1, 25, 296
"/home/kid-a/homeworks/compiler/lab2/.history/src/lr_20250419153559.cpp", "C++", 271, 0, 0, 1, 25, 297
"/home/kid-a/homeworks/compiler/lab2/.history/src/lr_20250419153606.cpp", "C++", 271, 0, 0, 1, 25, 297
"/home/kid-a/homeworks/compiler/lab2/.history/src/lr_20250419153610.cpp", "C++", 271, 0, 0, 1, 25, 297
"/home/kid-a/homeworks/compiler/lab2/.history/src/lr_20250419153611.cpp", "C++", 271, 0, 0, 1, 25, 297
"/home/kid-a/homeworks/compiler/lab2/.history/src/lr_20250419153614.cpp", "C++", 271, 0, 0, 1, 25, 297
"/home/kid-a/homeworks/compiler/lab2/.history/src/lr_20250419153632.cpp", "C++", 271, 0, 0, 1, 25, 297
"/home/kid-a/homeworks/compiler/lab2/.history/src/lr_20250419153637.cpp", "C++", 271, 0, 0, 1, 25, 297
"/home/kid-a/homeworks/compiler/lab2/.history/src/lr_20250419153648.cpp", "C++", 271, 0, 0, 1, 25, 297
"/home/kid-a/homeworks/compiler/lab2/.history/src/lr_20250419154015.cpp", "C++", 272, 0, 0, 1, 25, 298
"/home/kid-a/homeworks/compiler/lab2/.history/src/lr_20250419154016.cpp", "C++", 272, 0, 0, 1, 25, 298
"/home/kid-a/homeworks/compiler/lab2/.history/src/lr_20250419154028.cpp", "C++", 272, 0, 0, 1, 25, 298
"/home/kid-a/homeworks/compiler/lab2/.history/src/lr_20250419154030.cpp", "C++", 272, 0, 0, 1, 25, 298
"/home/kid-a/homeworks/compiler/lab2/.history/src/lr_20250419154041.cpp", "C++", 272, 0, 0, 1, 25, 298
"/home/kid-a/homeworks/compiler/lab2/.history/src/lr_20250419154043.cpp", "C++", 272, 0, 0, 1, 25, 298
"/home/kid-a/homeworks/compiler/lab2/.history/src/lr_20250419154049.cpp", "C++", 271, 0, 0, 1, 25, 297
"/home/kid-a/homeworks/compiler/lab2/.history/src/lr_20250419154052.cpp", "C++", 272, 0, 0, 1, 25, 298
"/home/kid-a/homeworks/compiler/lab2/.history/src/lr_20250419154054.cpp", "C++", 272, 0, 0, 1, 25, 298
"/home/kid-a/homeworks/compiler/lab2/.history/src/lr_20250419154055.cpp", "C++", 272, 0, 0, 1, 25, 298
"/home/kid-a/homeworks/compiler/lab2/.history/src/lr_20250419154056.cpp", "C++", 272, 0, 0, 1, 25, 298
"/home/kid-a/homeworks/compiler/lab2/.history/src/lr_20250419154058.cpp", "C++", 272, 0, 0, 1, 25, 298
"/home/kid-a/homeworks/compiler/lab2/.history/src/lr_20250419154102.cpp", "C++", 272, 0, 0, 1, 25, 298
"/home/kid-a/homeworks/compiler/lab2/.history/src/lr_20250419154419.cpp", "C++", 274, 0, 0, 1, 26, 301
"/home/kid-a/homeworks/compiler/lab2/.history/src/lr_20250419154425.cpp", "C++", 275, 0, 0, 0, 26, 301
"/home/kid-a/homeworks/compiler/lab2/.history/src/lr_20250419154426.cpp", "C++", 275, 0, 0, 0, 25, 300
"/home/kid-a/homeworks/compiler/lab2/.history/src/lr_20250419154429.cpp", "C++", 275, 0, 0, 0, 25, 300
"/home/kid-a/homeworks/compiler/lab2/.history/src/lr_20250419154433.cpp", "C++", 275, 0, 0, 0, 26, 301
"/home/kid-a/homeworks/compiler/lab2/.history/src/lr_20250419154439.cpp", "C++", 276, 0, 0, 0, 25, 301
"/home/kid-a/homeworks/compiler/lab2/.history/src/lr_20250419154443.cpp", "C++", 276, 0, 0, 0, 25, 301
"/home/kid-a/homeworks/compiler/lab2/.history/src/lr_20250419154444.cpp", "C++", 276, 0, 0, 0, 25, 301
"/home/kid-a/homeworks/compiler/lab2/.history/src/lr_20250419154447.cpp", "C++", 276, 0, 0, 0, 25, 301
"/home/kid-a/homeworks/compiler/lab2/.history/src/lr_20250419154450.cpp", "C++", 276, 0, 0, 0, 25, 301
"/home/kid-a/homeworks/compiler/lab2/.history/src/lr_20250419154455.cpp", "C++", 276, 0, 0, 0, 25, 301
"/home/kid-a/homeworks/compiler/lab2/.history/src/lr_20250419154502.cpp", "C++", 276, 0, 0, 0, 25, 301
"/home/kid-a/homeworks/compiler/lab2/.history/src/lr_20250419154650.cpp", "C++", 344, 0, 0, 34, 33, 411
"/home/kid-a/homeworks/compiler/lab2/.history/src/lr_20250419154702.cpp", "C++", 344, 0, 0, 33, 33, 410
"/home/kid-a/homeworks/compiler/lab2/.history/src/lr_20250419155911.cpp", "C++", 304, 0, 0, 73, 33, 410
"/home/kid-a/homeworks/compiler/lab2/.history/src/lr_20250419155914.cpp", "C++", 346, 0, 0, 77, 39, 462
"/home/kid-a/homeworks/compiler/lab2/.history/src/lr_20250419155917.cpp", "C++", 344, 0, 0, 33, 33, 410
"/home/kid-a/homeworks/compiler/lab2/.history/src/lr_20250419155921.cpp", "C++", 298, 0, 0, 79, 33, 410
"/home/kid-a/homeworks/compiler/lab2/.history/src/lr_20250419155922.cpp", "C++", 340, 0, 0, 83, 39, 462
"/home/kid-a/homeworks/compiler/lab2/.history/src/lr_20250419155925.cpp", "C++", 340, 0, 0, 82, 40, 462
"/home/kid-a/homeworks/compiler/lab2/.history/src/lr_20250419155929.cpp", "C++", 340, 0, 0, 81, 40, 461
"/home/kid-a/homeworks/compiler/lab2/.history/src/lr_20250419155930.cpp", "C++", 340, 0, 0, 80, 40, 460
"/home/kid-a/homeworks/compiler/lab2/.history/src/lr_20250419155932.cpp", "C++", 340, 0, 0, 79, 40, 459
"/home/kid-a/homeworks/compiler/lab2/.history/src/lr_20250419155949.cpp", "C++", 341, 0, 0, 82, 39, 462
"/home/kid-a/homeworks/compiler/lab2/.history/src/lr_20250419155952.cpp", "C++", 344, 0, 0, 79, 39, 462
"/home/kid-a/homeworks/compiler/lab2/.history/src/lr_20250419160022.cpp", "C++", 344, 0, 0, 79, 39, 462
"/home/kid-a/homeworks/compiler/lab2/.history/src/lr_20250419160502.cpp", "C++", 344, 0, 0, 79, 39, 462
"/home/kid-a/homeworks/compiler/lab2/.history/src/lr_20250419160507.cpp", "C++", 344, 0, 0, 79, 39, 462
"/home/kid-a/homeworks/compiler/lab2/.history/src/lr_20250419160511.hpp", "C++", 20, 0, 0, 0, 10, 30
"/home/kid-a/homeworks/compiler/lab2/.history/src/lr_20250419160514.hpp", "C++", 20, 0, 0, 0, 10, 30
"/home/kid-a/homeworks/compiler/lab2/.history/src/lr_20250419160527.cpp", "C++", 344, 0, 0, 79, 39, 462
"/home/kid-a/homeworks/compiler/lab2/.history/src/lr_20250419160530.hpp", "C++", 20, 0, 0, 0, 10, 30
"/home/kid-a/homeworks/compiler/lab2/.history/src/lr_20250419160536.cpp", "C++", 344, 0, 0, 79, 39, 462
"/home/kid-a/homeworks/compiler/lab2/.history/src/lr_20250419160539.cpp", "C++", 344, 0, 0, 79, 39, 462
"/home/kid-a/homeworks/compiler/lab2/.history/src/lr_20250419160547.cpp", "C++", 344, 0, 0, 79, 39, 462
"/home/kid-a/homeworks/compiler/lab2/.history/src/lr_20250419160556.cpp", "C++", 344, 0, 0, 79, 39, 462
"/home/kid-a/homeworks/compiler/lab2/.history/src/lr_20250419160558.cpp", "C++", 344, 0, 0, 79, 39, 462
"/home/kid-a/homeworks/compiler/lab2/.history/src/lr_20250419160559.cpp", "C++", 343, 0, 0, 80, 39, 462
"/home/kid-a/homeworks/compiler/lab2/.history/src/lr_20250419160601.cpp", "C++", 344, 0, 0, 79, 39, 462
"/home/kid-a/homeworks/compiler/lab2/.history/src/lr_20250419160607.hpp", "C++", 20, 0, 0, 0, 10, 30
"/home/kid-a/homeworks/compiler/lab2/.history/src/lr_20250419160611.hpp", "C++", 20, 0, 0, 0, 10, 30
"/home/kid-a/homeworks/compiler/lab2/.history/src/lr_20250419160657.hpp", "C++", 20, 0, 0, 0, 10, 30
"/home/kid-a/homeworks/compiler/lab2/.history/src/lr_20250419160703.hpp", "C++", 20, 0, 0, 0, 10, 30
"/home/kid-a/homeworks/compiler/lab2/.history/src/lr_20250419160711.hpp", "C++", 20, 0, 0, 0, 10, 30
"/home/kid-a/homeworks/compiler/lab2/.history/src/lr_20250419160715.hpp", "C++", 20, 0, 0, 0, 10, 30
"/home/kid-a/homeworks/compiler/lab2/.history/src/lr_20250419160741.cpp", "C++", 344, 0, 0, 79, 39, 462
"/home/kid-a/homeworks/compiler/lab2/.history/src/lr_20250419160827.cpp", "C++", 344, 0, 0, 79, 39, 462
"/home/kid-a/homeworks/compiler/lab2/.history/src/lr_20250419160929.cpp", "C++", 344, 0, 0, 33, 33, 410
"/home/kid-a/homeworks/compiler/lab2/.history/src/lr_20250419160936.cpp", "C++", 344, 0, 0, 6, 30, 380
"/home/kid-a/homeworks/compiler/lab2/.history/src/lr_20250419161020.cpp", "C++", 344, 0, 0, 5, 30, 379
"/home/kid-a/homeworks/compiler/lab2/.history/src/lr_20250419161022.cpp", "C++", 344, 0, 0, 4, 30, 378
"/home/kid-a/homeworks/compiler/lab2/.history/src/lr_20250419161024.cpp", "C++", 344, 0, 0, 2, 31, 377
"/home/kid-a/homeworks/compiler/lab2/.history/src/lr_20250419161026.cpp", "C++", 344, 0, 0, 2, 31, 377
"/home/kid-a/homeworks/compiler/lab2/.history/src/lr_20250419161028.cpp", "C++", 344, 0, 0, 1, 31, 376
"/home/kid-a/homeworks/compiler/lab2/.history/src/lr_20250419161030.cpp", "C++", 344, 0, 0, 1, 31, 376
"/home/kid-a/homeworks/compiler/lab2/.history/src/lr_20250419161031.cpp", "C++", 344, 0, 0, 0, 31, 375
"/home/kid-a/homeworks/compiler/lab2/.history/src/lr_20250419161054.hpp", "C++", 20, 0, 0, 1, 10, 31
"/home/kid-a/homeworks/compiler/lab2/.history/src/lr_20250419161059.hpp", "C++", 20, 0, 0, 2, 9, 31
"/home/kid-a/homeworks/compiler/lab2/.history/src/lr_20250419161101.hpp", "C++", 20, 0, 0, 2, 9, 31
"/home/kid-a/homeworks/compiler/lab2/.history/src/lr_20250419161107.hpp", "C++", 20, 0, 0, 2, 9, 31
"/home/kid-a/homeworks/compiler/lab2/.history/src/lr_20250419161110.hpp", "C++", 20, 0, 0, 3, 8, 31
"/home/kid-a/homeworks/compiler/lab2/.history/src/lr_20250419161112.hpp", "C++", 20, 0, 0, 3, 8, 31
"/home/kid-a/homeworks/compiler/lab2/.history/src/lr_20250419161114.hpp", "C++", 20, 0, 0, 3, 8, 31
"/home/kid-a/homeworks/compiler/lab2/.history/src/lr_20250419161117.hpp", "C++", 20, 0, 0, 4, 7, 31
"/home/kid-a/homeworks/compiler/lab2/.history/src/lr_20250419161120.hpp", "C++", 20, 0, 0, 4, 7, 31
"/home/kid-a/homeworks/compiler/lab2/.history/src/lr_20250419161123.hpp", "C++", 20, 0, 0, 4, 7, 31
"/home/kid-a/homeworks/compiler/lab2/.history/src/lr_20250419161126.hpp", "C++", 20, 0, 0, 4, 7, 31
"/home/kid-a/homeworks/compiler/lab2/.history/src/lr_20250419161128.hpp", "C++", 20, 0, 0, 5, 6, 31
"/home/kid-a/homeworks/compiler/lab2/.history/test/ll1_test_20250419111349.cpp", "C++", 27, 0, 0, 0, 8, 35
"/home/kid-a/homeworks/compiler/lab2/.history/test/ll2_test_20250419092703.cpp", "C++", 0, 0, 0, 0, 1, 1
"/home/kid-a/homeworks/compiler/lab2/.history/test/ll2_test_20250419092711.cpp", "C++", 1, 0, 0, 0, 0, 1
"/home/kid-a/homeworks/compiler/lab2/.history/test/ll2_test_20250419092715.cpp", "C++", 1, 0, 0, 0, 0, 1
"/home/kid-a/homeworks/compiler/lab2/.history/test/ll2_test_20250419092722.cpp", "C++", 1, 0, 0, 0, 0, 1
"/home/kid-a/homeworks/compiler/lab2/.history/test/ll2_test_20250419092726.cpp", "C++", 1, 0, 0, 0, 0, 1
"/home/kid-a/homeworks/compiler/lab2/.history/test/ll2_test_20250419092730.cpp", "C++", 1, 0, 0, 0, 2, 3
"/home/kid-a/homeworks/compiler/lab2/.history/test/ll2_test_20250419093337.cpp", "C++", 28, 0, 0, 0, 8, 36
"/home/kid-a/homeworks/compiler/lab2/.history/test/ll2_test_20250419093347.cpp", "C++", 28, 0, 0, 0, 8, 36
"/home/kid-a/homeworks/compiler/lab2/.history/test/ll2_test_20250419093350.cpp", "C++", 28, 0, 0, 0, 8, 36
"/home/kid-a/homeworks/compiler/lab2/.history/test/ll2_test_20250419093351.cpp", "C++", 27, 0, 0, 0, 8, 35
"/home/kid-a/homeworks/compiler/lab2/.history/test/lr_test_20250419093350.cpp", "C++", 27, 0, 0, 0, 8, 35
"/home/kid-a/homeworks/compiler/lab2/.history/test/lr_test_20250419113442.cpp", "C++", 26, 0, 0, 1, 8, 35
"/home/kid-a/homeworks/compiler/lab2/.history/test/lr_test_20250419114313.cpp", "C++", 27, 0, 0, 0, 8, 35
"/home/kid-a/homeworks/compiler/lab2/.history/test/lr_test_20250419121903.cpp", "C++", 26, 0, 0, 1, 8, 35
"/home/kid-a/homeworks/compiler/lab2/.history/test/lr_test_20250419122243.cpp", "C++", 27, 0, 0, 0, 8, 35
"/home/kid-a/homeworks/compiler/lab2/Makefile", "Makefile", 0, 0, 4, 3, 3, 10
"/home/kid-a/homeworks/compiler/lab2/src/defs.h", "C", 0, 128, 0, 0, 21, 149
"/home/kid-a/homeworks/compiler/lab2/src/ll1.cpp", "C++", 2, 0, 0, 0, 0, 2
"/home/kid-a/homeworks/compiler/lab2/src/lr.cpp", "C++", 344, 0, 0, 0, 30, 374
"/home/kid-a/homeworks/compiler/lab2/src/lr.hpp", "C++", 20, 0, 0, 5, 5, 30
"/home/kid-a/homeworks/compiler/lab2/test/ll1_test.cpp", "C++", -1, 0, 0, 0, 0, -1
"/home/kid-a/homeworks/compiler/lab2/test/lr_test.cpp", "C++", 27, 0, 0, 0, 8, 35
"Total", "-", 104024, 37336, 4, 8261, 19404, 169029